Id,Nombre,Institucion,Evento,Ciudad,Lugar,Formato,Fecha,Fecha.inicio,Fecha.fin,anio,Tipo,Cantidad,Rol,Links,observation
1001,Informática para niños,Liceo Informático,Alumnos K-12.,Ingeniero Luiggi. La Pampa,Argentina,In person,Abril-Diciembre 1994,,,1993,Course,7,Teacher,,Una clase a la semana de hora y media
1002,Sistema Operativo,Liceo Informático,Alumnos K-12.,Ingeniero Luiggi. La Pampa,Argentina,In person,Agosto-Diciembre 1993,,,1993,Course,7,Teacher,,Una clase a la semana de hora y media
1003,Base de Datos,Liceo Informático,Alumnos K-12.,Ingeniero Luiggi. La Pampa,Argentina,In person,Abril-Diciembre 1994,,,1994,Course,17,Teacher,,Una clase a la semana de hora y media
1004,Informática para niños,Liceo Informático,Alumnos K-12.,Ingeniero Luiggi. La Pampa,Argentina,In person,Abril-Diciembre 1994,,,1994,Course,12,Teacher,,Una clase a la semana de hora y media
1005,Intro a la computación,IBM-Banco Nación,,Ingeniero Luiggi. La Pampa,Argentina,In person,Agosto-Septiembre,,,1994,Course,5,Teacher,,Una clase a la semana de hora y media
1006,Sistema Operativo,Liceo Informático,,Ingeniero Luiggi. La Pampa,Argentina,In person,Abril-Diciembre 1994,,,1994,Course,9,Teacher,,Una clase a la semana de hora y media
1007,2das Jornadas sobre Informática- Educación y Sociedad,Liceo Informático II,,Santa Rosa,Argentina,In person,31 de Oct. 1 de Nov,31/10/1996,1/11/1996,1996,Conference,80,Organizer,,
1008,Actividades Plásticas (Internet),Colegio Universitario Liceo Informático II,Escuela secundaria,Santa Rosa,Argentina,In person,Marzo-Diciembre,,,1996,Course,27,Teacher,,
1009,Actividades Prácticas (Producción Multimedial),Colegio Universitario Liceo Informático II,Escuela secundaria,Santa Rosa,Argentina,In person,Marzo-Diciembre,,,1996,Course,27,Teacher,,
1010,Arquitectura y Sistemas Operativos,Colegio Universitario Liceo Informático II,Carrera de Analista de Sistemas.,Santa Rosa,Argentina,In person,Agosto-Diciembre,,,1996,Course,100,Teacher Assistant,,
1011,Introducción a la computación para niños,C.E.D.A.N.,Alumnos K-12.,Santa Rosa,Argentina,In person,Mayo-Noviembre 1996,,,1996,Course,18,Teacher,,
1012,Operador de PC,C.E.D.A.N.,,Santa Rosa,Argentina,In person,Mayo-Noviembre 1996,,,1996,Course,15,Teacher,,
1013,3ras Jornadas sobre Informática- Educación y Sociedad,Liceo Informático II,,Santa Rosa,Argentina,In person,30 y 31 de Octubre de 1997,30/10/1997,31/10/1997,1997,Conference,80,Organizer,,
1014,Actividades Plásticas (Internet),Colegio Universitario Liceo Informático II,Escuela secundaria,Santa Rosa,Argentina,In person,Marzo-Diciembre,,,1997,Course,23,Teacher,,
1015,Actividades Prácticas (Producción Multimedial),Colegio Universitario Liceo Informático II,Escuela secundaria,Santa Rosa,Argentina,In person,Marzo-Diciembre,,,1997,Course,23,Teacher,,
1016,Informática 7º año,Colegio Universitario Liceo Informático II,Tercer ciclo EGB.,Santa Rosa,Argentina,In person,Marzo-Diciembre,,,1997,Course,26,Teacher,,
1017,Informática 8º año,Colegio Universitario Liceo Informático II,Tercer ciclo EGB.,Santa Rosa,Argentina,In person,Marzo-Diciembre,,,1997,Course,26,Teacher,,
1018,Informática inicial para docentes,Subsecretaria de Coordinación - Ministerio de Cultura y Educación - Prov. de La Pampa,Docentes. ,Santa Rosa,Argentina,In person,Abril-Noviembre 1997,,,1997,Course,27,Teacher,,
1019,Informática inicial para niños,Colegio Universitario Liceo Informático II,Alumnos K-12.,Santa Rosa,Argentina,In person,Abril-Noviembre 1997,,,1997,Course,15,Teacher,,
1020,Multimedia Infantil,Colegio Universitario Liceo Informático II,Alumnos K-12.,Santa Rosa,Argentina,In person,Abril-Noviembre 1997,,,1997,Course,15,Teacher,,
1021,Práctica Visual (Diseño Gráfico por Computadora) - 8º año,Colegio Universitario Liceo Informático II,Tercer ciclo EGB.,Santa Rosa,Argentina,In person,Marzo-Diciembre,,,1997,Course,25,Teacher,,
1022,Técnicas de Multiprogramación,Colegio Universitario Liceo Informático II,Carrera de Analista de Sistemas.,Santa Rosa,Argentina,In person,Marzo-Julio,,,1997,Course,68,Teacher Assistant,,
1023,Utilización Pedagógica de la Informática en Escuelas Primarias,Subsecretaria de Coordinación - Ministerio de Cultura y Educación - Prov. de La Pampa,Docentes. ,Santa Rosa,Argentina,In person,Abril-Mayo 1997,,,1997,Course,35,Teacher,,
1024,Utilización Pedagógica de la Informática y Telemática en Escuelas de Nivel Medio,Subsecretaria de Coordinación - Ministerio de Cultura y Educación - Prov. de La Pampa,Docentes. ,Santa Rosa,Argentina,In person,Septiembre-Noviembre 1997,,,1997,Course,30,Teacher,,
1025,Informática 7º año,Colegio Universitario Liceo Informático II,Tercer ciclo EGB.,Santa Rosa,Argentina,In person,Marzo-Diciembre,,,1998,Course,25,Teacher,,
1026,Informática 8º año,Colegio Universitario Liceo Informático II,Tercer ciclo EGB.,Santa Rosa,Argentina,In person,Marzo-Diciembre,,,1998,Course,25,Teacher,,
1027,Internet en educación,4tas Jornadas sobre Informática- Educación y Sociedad,,Santa Rosa,Argentina,In person,31 de Octubre y 1 de Noviembre de 1998,31/10/1998,1/11/1998,1998,Invited Talk,70,Speaker,,
1030,Internet y Correo Electrónico,INTA,Investigadores,Anguil,Argentina,In person,julio 1998,,,1998,Course,45,Teacher,,
1029,Internet y Correo Electrónico,INTA,Investigadores,Anguil,Argentina,In person,agosto 1998,,,1998,Course,58,Teacher,,
1028,Internet y Correo Electrónico,INTA,Investigadores,Anguil,Argentina,In person,septiembre 1998,,,1998,Course,32,Teacher,,
1031,Práctica Visual (Diseño Gráfico por Computadora) - 8º año,Colegio Universitario Liceo Informático II,Tercer ciclo EGB.,Santa Rosa,Argentina,In person,Marzo-Diciembre,,,1998,Course,25,Teacher,,
1032,Sistemas de Computación,Colegio Universitario Liceo Informático II,Carrera de Analista de Sistemas.,Santa Rosa,Argentina,In person,Marzo-Julio,,,1998,Course,53,Teacher Assistant,,
1033,Capacitación en el uso del software de la encuesta AgroRADAR,INTA,Bolsa y Camara de Cereales de Bahia Blanca e INTA,EEA Anguil,Argentina,In person,abril 1999,1/4/1999,,1999,Course,18,Teacher,,
1034,Estimaciones agricolas con imágenes satelitales,Universidad Nacional de La Pampa,VII Jornadas Pampeanas de Ciencias Naturales,Consejo Profesional de Ciencias Naturales de La Pampa y Facultad de Ciencias Exactas y Naturales- UNLPam,Argentina,In person,diciembre 1999,1/12/1999,,1999,Lightning talk,30,Speaker,,
1035,SIG y Teledetección,Asociación Agrícola Ganadera de La Pampa,73º Exposición Rural- Comercial e Industrial de la Asociación Agrícola Ganadera de La Pampa-,Santa Rosa,Argentina,In person,septiembre de 1999,1/9/1999,,1999,Exhibition,200,Speaker,,
1036,AgroRADAR,Bolsa de Cereales de Buenos Aires,VII Encuentro de la Asociación Panamericana De Bolsas De Productos,Buenos Aires- Argentina,Latin America,In person,15 16 y 17 de Noviembre de 2000,15/11/2000,17/11/2000,2000,Invited Talk,200,Speaker,,
1037,Bases de Datos y SQL,INTA,EEA Anguil,Anguil- La Pampa,Argentina,In person,marzo 2000,1/3/2000,,2000,Course,10,Teacher,,
1038,Los números del Girasol en La Pampa,INTA,Jornada Presente y Futuro del Girasol para la región subhumeda y semiárida pampeana,Santa Rosa,Argentina,In person,1 de septiembre de 2000,1/9/2000,,2000,Invited Talk,200,Speaker,,
1039,SIG y Teledetección,Asociación Agrícola Ganadera de La Pampa,74º Exposición Rural y Comercial e Industrial,Santa Rosa,Argentina,In person,7 y 8 de Octubre de 2000,7/10/2000,8/10/2000,2000,Exhibition,200,Speaker,,
1040,Sistemas de Procesamiento de Datos,CENT N°1,Carrera de Auditoria Bancaria,Santa Rosa,Argentina,In person,Marzo-Diciembre 2000,,,2000,Course,32,Teacher,,
1041,Teledetección en el Agro,Asociación Agrícola Ganadera de La Pampa,Exposición Rural de Realico,Realicó,Argentina,In person,15 16 y 17 de Septiembre de 2000,15/9/2000,17/9/2000,2000,Exhibition,200,Speaker,,
1042,Manejo de la Información de AgroRADAR,INTA,Ronda de Trigo 2001,Este de La Pampa-Suroeste de Buenos Aires,Argentina,In person,12 al 16 de Noviembre de 2001,12/11/2001,16/11/2001,2001,Exhibition,80,Organizer,,
1043,Sistemas de Información Geográficos en el Agro,Asociación Agrícola Ganadera de La Pampa,75º Exposición Rural- Comercial e Industrial de la Asociación Agrícola Ganadera de La Pampa,Santa Rosa,Argentina,In person,7 y 8 de Octubre de 2001,7/10/2001,8/10/2001,2001,Exhibition,200,Speaker,,
1044,Jornada de Calidad Agroalimentaria y Trazabilidad,INTA,Profesionales,Anguil,Argentina,In person,15 de agosto de 2002,15/8/2002,,2002,Conference,70,Organizer,,
1045,Jornada de Sustentabilidad e Incertidumbre,INTA,Profesionales,Anguil,Argentina,In person,13 de junio de 2002,13/6/2002,,2002,Conference,60,Organizer,,
1048,Manejo de la Información de AgroRADAR,INTA,Ronda del Puerto 2002,Bahía Blanca,Argentina,In person,8 de octubre de 2002,8/10/2002,,2002,Exhibition,60,Organizer,,
1047,Manejo de la Información de AgroRADAR,INTA,Ronda de Trigo 2002,Este de La Pampa-Suroeste de Buenos Aires,Argentina,In person,25 al 29 de Noviembre de 2002,25/11/2002,29/11/2002,2002,Exhibition,100,Organizer,,
1046,Manejo de la Información de AgroRADAR,INTA,Ronda de Girasol 2002,Este de La Pampa-Suroeste de Buenos Aires,Argentina,In person,26 de Febrero al 1 de Marzo 2002,26/2/2002,1/3/2002,2002,Exhibition,50,Organizer,,
1049,AgroRADAR,INTA. La Dulce,1º Congreso Sobre Producción de Origen Agropecuario del SE Pampeano,Necochea,Argentina,In person,28 de Enero al 4 de Febrero de 2003,28/1/2003,4/2/2003,2003,Invited Talk,70,Speaker,,
1050,Aspectos Tecnológicos y Productivos - Almacenaje Comercial e Integración en un SIG,Facultad de Agronomía de la Universidad de Buenos Aires.,Curso de Posgrado “Especialización en Siembra Directa”.,Anguil,Latin America,In person,noviembre 2003,1/11/2003,,2003,Course,48,Teacher,,
1051,Manejo de la Información de AgroRADAR,INTA,Ronda de Trigo 2003,Este de La Pampa-Suroeste de Buenos Aires,Argentina,In person,24 al 28 de Noviembre de 2003,24/11/2003,28/11/2003,2003,Exhibition,80,Organizer,,
1052,Programando Microsoft SQL Server 2000,INTA,EEA Anguil,Anguil- La Pampa,Argentina,In person,24 al 28 de noviembre de 2003,24/11/2003,28/11/2003,2003,Course,21,Teacher,,
1053,Área Estratégica Tecnología de la Información,INTA,INTA Expone 2004,Oliveros (Santa Fé),Argentina,In person,28 al 30 de Octubre del 2004,28/10/2004,30/10/2004,2004,Exhibition,2000,Organizer,,
1054,Manejo de la Información de AgroRADAR,INTA,IV Ronda de trigo 2004,Este de La Pampa-Suroeste de Buenos Aires,Argentina,In person,29 de Noviembre al 3 de Diciembre del 2004,29/11/2004,3/12/2004,2004,Exhibition,90,Organizer,,
1055,Programación de Microsoft SQL Server 2000 con ASP.NET,INTA,Informáticos INTA,EEA Anguil,Argentina,In person,22 al 26 de Marzo 2004,22/3/2004,26/3/2004,2004,Course,23,Teacher,,
1056,Operación del sistema de carga y consulta de Agroprecipitaciones Web del proyecto RIAP,INTA,Profesionales de INTA,EEA Anguil,Argentina,In person,6 y 7 de Septiembre de 2005,6/9/2005,7/9/2005,2005,Course,7,Teacher,,
1057,Sistema de Carga y Consulta Informe Agronómico Mensual,INTA,Profesionales de INTA,EEA Anguil,Argentina,In person,2 y 3 de Noviembre de 2005,2/11/2005,3/11/2005,2005,Course,18,Teacher,,
1058,"Cartas Agroclimaticas De Temperaturas, Heladas Y Lluvia De La Provincia De La Pampa (Argentina)",,IX Congreso Argentino de Meteorología. Congremet IX,Buenos Aires,Argentina,In person,3 al 7 de octubre de 2005,3/10/2005,7/10/2005,2005,Lightning talk,48,Speaker,,Poster
1059,Área Estratégica Tecnología de la Información,INTA,INTA Expone 2006,General Roca (Río Negro),Argentina,In person,10- 11 y 12 de Noviembre 2006,10/11/2006,12/11/2006,2006,Exhibition,2000,Organizer,,
1060,Ganadería y Sistemas Mixtos en Siembra Directa,Facultad de Agronomía de la Universidad de Buenos Aires.,Curso de Posgrado “Especialización en Siembra Directa”.,,Latin America,In person,noviembre de 2006,1/11/2006,,2006,Course,56,Teacher,,
1061,Bases para la implementación de un Sistema de Información Agropecuaria en Red,INTA,Profesionales Venezolanos,La Pampa,Latin America,In person,octubre de 2007,1/10/2007,,2007,Course,26,Teacher,,
1062,Caracterización tecnológica del cultivo de Girasol,ASAGIR,IV Congreso Argentino de Girasol,Santa Rosa,Argentina,In person,mayo 2007,1/5/2007,,2007,Invited Talk,100,Speaker,,
1063,Hacia la nueva conectividad del INTA,INTA,Jornada Nacional INTA,Buenos Aires,Argentina,In person,27 y 28 de Noviembre de 2007,27/11/2007,28/11/2007,2007,Regular Talk,300,Speaker,,
1064,Las tecnologías de la información en la EEA INTA Anguil,Liceo Informático II. Santa Rosa,Quinta semana de la ciencia y la tecnología,Santa Rosa,Argentina,In person,8 al 15 de junio de 2007,8/6/2007,15/6/2007,2007,Invited Talk,35,Speaker,,
1065,Alarmas Agropecuarias a Teléfonos Celulares,Universidad Catolica Argentina,,Buenos Aires,Argentina,In person,12/08/2008,12/8/2008,,2008,Invited Talk,80,Speaker,https://yabellini.netlify.app/talk/2008_alarmas-uca/,
1066,Catálogo de Datos Georreferenciados del INTA,SADIO,Jornadas de Informática Industrial – Agroinformática. JAIIO 2008,Santa Fé,Argentina,In person,8 al 12 de septiembre de 2008,8/9/2008,12/9/2008,2008,Regular Talk,100,Speaker,https://yabellini.netlify.app/talk/2008_cai_geointa/,
1067,Introducción a Internet y Word,INTA,,Anguil,Argentina,In person,19 y 20 de Noviembre de 2008,19/11/2008,20/11/2008,2008,Course,53,Teacher,,
1068,"Red de Estaciones Meteorológicas Automáticas de la Estación Experimental Agropecuaria Anguil, La Pampa",SADIO,Jornadas de Informática Industrial – Agroinformática. JAIIO 2008,Santa Fé,Argentina,In person,8 al 12 de septiembre de 2008,8/9/2008,12/9/2008,2008,Regular Talk,100,Speaker,https://yabellini.netlify.app/talk/2008_agromet_anguil/,
1069,Red Termopluviométrica de la Red de Información Agropecuaria Nacional (RIAN),SADIO,Jornadas de Informática Industrial – Agroinformática. JAIIO 2008,Santa Fé,Argentina,In person,8 al 12 de septiembre de 2008,8/9/2008,12/9/2008,2008,Regular Talk,100,Speaker,https://yabellini.netlify.app/talk/2008_agromet_rian/,
1070,Sistema de Información  “Informe Agronómico Mensual”,SADIO,Jornadas de Informática Industrial – Agroinformática. JAIIO 2008,Santa Fé,Argentina,In person,8 al 12 de septiembre de 2008,8/9/2008,12/9/2008,2008,Regular Talk,100,Speaker,https://yabellini.netlify.app/talk/2008_si_rian/,
1071,Un Sistema de Información para el Inventario de Malezas en Girasol en la Provincia de La Pampa,SADIO,Jornadas de Informática Industrial – Agroinformática. JAIIO 2008,Santa Fé,Argentina,In person,8 al 12 de septiembre de 2008,8/9/2008,12/9/2008,2008,Regular Talk,100,Speaker,https://yabellini.netlify.app/talk/2008_cai_malezas/,
1072,VII Congreso Nacional de Trigo. V Simposio Nacional de Cereales de Siembra de Otoño-Invernal. I encuentro del Mercosur. 2007-2008,INTA - Universidad Nacional de La Pampa (UNLPam),INTA. Facultad de Agronomía de la Universidad Nacional de La Pampa.,Santa Rosa,Argentina,In person,,,,2008,Conference,250,Organizer,,
1073,Atlas Argentino de Fitopatología,SADIO,I Congreso Argentino de AgroInformática,Mar del Plata (Buenos Aires),Argentina,In person,24 al 28 de Agosto de 2009,24/8/2009,28/8/2009,2009,Regular Talk,200,Speaker,,
1074,Bases para la implementación de un Sistema de Información Agropecuaria en Red,,Profesionales Venezolanos,La Pampa,Latin America,In person,junio de 2009,1/6/2009,30/6/2009,2009,Course,21,Teacher,,
1075,El RADAR Meterológico de la EEA Anguil,INTA,Jornadas de actualización para profesionales sobre conservación de suelos.,Anguil,Argentina,In person,01/12/2009,1/12/2009,,2009,Invited Talk,27,Speaker,,
1076,Jornada de Capacitación sobre Búsqueda en Google,INTA,INTA Central,Buenos Aires,Argentina,In person,9 de octubre de 2009,9/10/2009,,2009,Course,35,Teacher,,
1077,Sistemas de información y base de datos de uso agropecuario,INTA,,Caracas,Venezuela,In person,2009,,,2009,Course,70,Teacher,,
1078,Taller Nacional “Capacitación del Atlas Fitopatológico Argentino”.,INTA,,Córdoba,Argentina,In person,18 y 19 de Noviembre de 2009.,18/11/2009,19/11/2009,2009,Course,47,Teacher,,
1079,,INTA,Jornada sobre Cambio Climático y Producción Agropecuaria.,,Argentina,In person,27 de marzo de 2009.,27/3/2009,,2009,Invited Talk,50,Speaker,,
1080,Alarmas Agropecuarias a Teléfonos Celulares,SADIO,39 JAIIO- Simposio de Informática en el Estado,Buenos Aires,Latin America,In person,30 de Agosto al 3 de Septiembre de 2010,30/8/2010,3/9/2010,2010,Regular Talk,80,Speaker,,
1081,Información para la gestión del sistema de transferencia y extensión del INTA,SADIO,39 JAIIO- Simposio de Informática en el Estado,Buenos Aires,Latin America,In person,30 de Agosto al 3 de Septiembre de 2010,30/8/2010,3/9/2010,2010,Regular Talk,80,Speaker,,
1083,INTRANET: herramientas de comunicación interna y gestión,INTA,EEA Villa Mercedes,Villa Mercedes- San Luis,Argentina,In person,21 de abril de 2010,21/4/2010,,2010,Course,37,Teacher,,
1082,INTRANET: herramientas de comunicación interna y gestión,INTA,EEA Anguil,Anguil- La Pampa,Argentina,In person,28 de Abritl de 2010,28/4/2010,,2010,Course,32,Teacher,,
1084,La importancia de cuantificar el recurso climático y el uso de los datos,Secretaría de Recursos Hídricos de La Pampa,Conferencia pública por el día nacional del agua,Santa Rosa,Argentina,In person,31/03/2010,31/3/2010,,2010,Invited Talk,35,Speaker,,
1085,RIAN- una red que nos puede contener a todos,INTA,Jornada de trabajo de asistentes de planificación institucional,Anguil,Argentina,In person,noviembre 2010,,,2010,Regular Talk,32,Speaker,,
1086,Sistema de Información “Informe de Estado Hídrico de Suelos”,SADIO,39 JAIIO- Congreso Argentino de Agro informática,Buenos Aires,Latin America,In person,30 de Agosto al 3 de Septiembre de 2010,30/8/2010,3/9/2010,2010,Regular Talk,200,Speaker,,
1087,Usos del RADAR Meteorológico en agricultura,,"Jornadas de Pronósticos Meteorológicos: conocimiento, usos y aprovechamiento.",Macachín,Argentina,In person,02/06/2010,2/6/2010,,2010,Invited Talk,100,Speaker,,
1088,Área Estratégica Tecnología de la Información,INTA,INTA Expone 2011,Marcos Juárez (Córdoba),Argentina,In person,abril 2011,,,2011,Exhibition,2000,Organizer,,
1089,Data Mining: el que busca encuentra,INTA,INTA Expone 2011 Región Pampeana,Córdoba,Argentina,In person,01/12/2011,1/12/2011,,2011,Podcast,2000,Speaker,https://inta.gob.ar/videos/data-mining-el-que-busca-encuentra,
1090,El uso de AgroTICs para generar las cartas agroclimáticas de la provincia de La Pampa,SADIO,Congreso Argentino de Agroinformática. 40 JAIIO,,Latin America,In person,29 de Agosto al 2 de Septiembre de 2011,29/8/2011,2/9/2011,2011,Regular Talk,70,Speaker,,
1091,Equipos interdisciplinarios en Agroinformática,SADIO,Congreso Argentino de Agroinformática. 40 JAIIO,,Latin America,In person,agosto 2011,30/8/2011,,2011,Keynote,70,Speaker,https://docs.google.com/presentation/d/1OL-u7zuH33mlE_ulPAZ8OZFws__CrHjp29HgZyTMTCk/,
1092,Manuales de campo de la RIAN para dispositivos móviles,SADIO,Congreso Argentino de Agroinformática. 40 JAIIO,,Latin America,In person,29 de Agosto al 2 de Septiembre de 2011,29/8/2011,2/9/2011,2011,Regular Talk,70,Speaker,,
1093,Red de Información Agropecuaria Nacional,INTA,Expo Ternero 2011,General Acha- La Pampa- Argentina,Argentina,In person,octubre 2011,,,2011,Invited Talk,50,Speaker,,
1094,7mo Congreso Argentino de Agroinformática. 42 JAIIO.,INTA-SADIO,,Córdoba,Latin America,In person,16 al 20 de septiembre de 2013.,16/9/2013,20/9/2013,2013,Conference,200,Organizer,,
1095,AgroTICs,INTA,Consejo Regional La Pampa San Luis,"Anguil, La Pampa",Argentina,In person,agosto 2013,,,2013,Invited Talk,25,Speaker,,
1096,Área Estratégica Tecnología de la Información,INTA,INTA Expone 2013,Patagonia Sur-Trelew (Chubut),Argentina,In person,4 al 6 de Octubre de 2013,4/10/2013,6/10/2013,2013,Exhibition,2000,Organizer,,
1097,Funcionamiento del RADAR Meteorológico de la EEA Anguil.,INTA,Alumnos del colegio Secundario Liceo Informático II en visita a la EEA Anguil.,Anguil,Argentina,In person,octubre de 2013.,,,2013,Regular Talk,18,Speaker,,
1098,Identificación de sistemas productivos preponderantes en una zona de la provincia de la pampa utilizando técnicas de datamining,SADIO,Congreso Argentino de Agroinformática. 42 JAIIO,Córdoba,Latin America,In person,16 al 20 de Septiembre de 2013,16/9/2013,20/9/2013,2013,Regular Talk,20,Speaker,,
1099,Sistema de informacion geografico del INTA,Asociación Agrícola Ganadera de La Pampa,Exposición Rural- Comercial e Industrial,Santa Rosa,Argentina,In person,Octubre,,,2013,Exhibition,200,Speaker,,
1100,VI Congreso Nacional- III del Mercosur y II Jornada Técnica de Productores sobre Manejo de Pastizales Naturales.2013,INTA,Profesionales,Santa Rosa,Latin America,In person,2013,,,2013,Conference,200,Organizer,,
1101,1ra conferencia y coloquio Gestión y uso de grandes datos aplicados al sector agropecuario y al manejo de los recursos naturales,INTA - Universidad Nacional de La Pampa (UNLPam),,Santa Rosa,Argentina,In person,3/12/2014,3/12/2014,,2014,Conference,38,Organizer,,
1102,INTA. AgroTICs,Asociación Agrícola Ganadera de La Pampa,Exposición Rural- Comercial e Industrial de la Asociación Agrícola Ganadera de La Pampa,Santa Rosa,Argentina,In person,Octubre,,,2014,Exhibition,200,Speaker,,
1103,Las nuevas tecnologías de la información y comunicación (NTICs): un puente para describir nuevos mundos.,INTA,Jornada: Editoriales Puertas Abiertas. Vieja Usina,Santa Rosa,Argentina,In person,16 de junio de 2014.,16/6/2014,,2014,Invited Talk,45,Speaker,https://youtu.be/uSRQR4TistA,
1104,Sistema de Información del Seguimiento Semanal de los Sistemas de Producción,SADIO,6º Congreso Argentino de AgroInformática,43 JAIIO,Latin America,In person,01/09/2014,1/9/2014,,2014,Regular Talk,80,Speaker,,
1105,,Universidad de Palermo,,Buenos Aires,Argentina,In person,1 al 5 de Septiembre de 2014,1/9/2014,5/9/2014,2014,Regular Talk,70,Speaker,,Buscar en los trabajos que presente en 2018 en las JAIIO
1106,16º Argentine Symposium on Artificial Intelligence. Argentina Expositora.,SADIO,ASAE-JAIIO,Rosario- Santa Fe- Argentina.,Latin America,In person,31 de agosto de 2015.,31/8/2015,,2015,Regular Talk,100,Speaker,,
1107,2da conferencia y coloquio Gestión y uso de grandes datos aplicados al sector agropecuario y al manejo de los recursos naturales,INTA - Universidad Nacional de La Pampa (UNLPam),,Santa Rosa,Argentina,In person,3/10/2015,3/10/2015,,2015,Conference,43,Organizer,,
1108,9º Simposio Argentino de Informática en el Estado. Expositora.,SADIO,,Rosario- Santa Fe- Argentina.,Latin America,In person,2-3 y 4 de Septiembre de 2015,2/9/2015,3/9/2015,2015,Regular Talk,100,Speaker,,
1109,AGRANDA Primer simposio argentino de grandes datos. Expositora.,SADIO,,Rosario- Santa Fe- Argentina.,Latin America,In person,1 y 2 de Septiembre de 2015.,1/9/2015,2/9/2015,2015,Regular Talk,100,Speaker,,
1110,Clasificación de granizo en superficie usando técnicas de minería de datos y datos de radar meteorológico.,SADIO,ASAI 2015. 44 JAIIO,,Latin America,In person,03/09/2015,3/9/2015,,2015,Regular Talk,50,Speaker,,
1111,El valor del acceso al conocimiento digitalizado en la toma de decisiones,INTA,Seminarios INTA Anguil,Anguil,Argentina,In person,19/08/2015,19/8/2015,,2015,Panel,35,Organizer,https://inta.gob.ar/noticias/seminario-interno-el-valor-del-acceso-al-conocimiento-digitalizado-en-la-toma-de-decisiones,
1112,Espacios de colaboración: la nueva Intranet de INTA,INTA,,Anguil,Argentina,In person,16 de septiembre de 2015,16/9/2015,,2015,Course,30,Teacher,,
1113,GeoINTA: la infraestructura de datos espaciales del INTA,,PampaSeg,Santa Rosa,Argentina,In person,11 y 12 de Diciembre 2015,11/12/2015,12/12/2015,2015,Regular Talk,67,Speaker,,
1114,Hacia una Arquitectura de Procesamiento de Datos del RADAR Meteorológico de INTA Anguil.,SADIO,SIE 2015 - 9º Simposio de Informática en el Estado,,Latin America,In person,04/09/2015,4/9/2015,,2015,Regular Talk,60,Speaker,,
1115,INTA. AgroTICs,Asociación Agrícola Ganadera de La Pampa,Exposición Rural- Comercial e Industrial,Santa Rosa,Argentina,In person,Octubre,,,2015,Exhibition,200,Speaker,,
1116,Síntesis de una Arquitectura de Procesamiento de Datos del RADAR Meteorológico de INTA Anguil.,SADIO,"AGRANDA 2015, 44 JAIIO",,Latin America,In person,02/09/2015,2/9/2015,,2015,Lightning talk,30,Speaker,,
1117,Uso del radar meteorológico y Data Mining para la clasificación de granizo,INTA,Compañías de Seguro Agricolas,Rosario- Santa Fe,Latin America,In person,11 de junio de 2015.,11/6/2015,,2015,Regular Talk,12,Speaker,,
1118,DESARROLLO DE SOFTWARE PARA EL PROCESAMIENTO Y ANÁLISIS DE DATOS DE LA RED DE RADARES METEOROLÓGICOS DEL INTA,,Congreso Argentino de Meteorología. Congremet 2015,Mar del Plata,Latin America,In person,26 al 29 de Mayo de 2015,26/5/2015,29/5/2015,2015,Lightning talk,50,Speaker,https://cenamet.org.ar/congremet/wp-content/uploads/2018/10/A006_BelliniSaibene.pdf,Poster
1119,8vo Congreso Argentino de AgroInformática. 43 JAIIO,INTA-SADIO,,Buenos Aires,Latin America,In person,5 y 6 de Septiembre de 2016,5/9/2016,6/9/2016,2016,Conference,200,Chair,,
1120,El uso de geotecnologías para el manejo de información agropecuaria,INTA-Universidad Nacional de La Pampa. ,,Santa Rosa- La Pampa.,Argentina,In person,17 y 18/11/2016,17/11/2016,18/11/2016,2016,Keynote,100,Speaker,,
1121,GeoINTA: aprovechando los mapas del INTA en Internet.,Radio Nacional,Radio con Voz/s,Santa Rosa,Argentina,In person,19/04/2016,19/4/2016,,2016,Podcast,1000,Speaker,https://inta.gob.ar/audios/yanina-bellini-geointa-aprovechando-los-mapas-del-inta-en-internet,
1122,GeoINTA: compartiendo datos por medio de la Infraestructura de Datos Espaciales del INTA,SADIO,10° Simposio de Informática en el Estado - SIE,Buenos Aires- Argentina.,Latin America,In person,7 al 9 de Septiembre de 2016.,7/9/2016,9/9/2016,2016,Regular Talk,70,Speaker,,
1123,INTA. Radar Meteorologico,Exposición Rural- Comercial e Industrial de la Asociación Agrícola Ganadera de La Pampa,,Santa Rosa,Argentina,In person,Octubre,,,2016,Exhibition,200,Speaker,,
1124,Introducción a la gestión de contenidos del sitio web de INTA,INTA,,Anguil,Argentina,In person,abril 2016,,,2016,Course,15,Teacher,,
1125,Introducción al Uso y Administración de espacios de colaboración de INTA,INTA,,Anguil,Argentina,In person,Junio a Agosto de 2016.,,,2016,Course,35,Teacher,,
1126,La industria espacial al servicio del agro,Radio Nacional,Radio con Voz/s,Santa Rosa,Argentina,In person,10/11/2016,10/11/2016,,2016,Podcast,1000,Speaker,https://inta.gob.ar/audios/la-industria-espacial-al-servicio-del-agro,
1127,La tarea del INTA en La Pampa,Facultad de Ciencias Humanas. Universidad Nacional de La Pampa,,Santa Rosa,Argentina,In person,9 de noviembre de 2016.,9/11/2016,,2016,Invited Talk,18,Speaker,,
1128,Propuesta para una Infraestructura de Datos Agropecuarios del Instituto Nacional de Tecnología Agropecuaria (INTA),SADIO,AGRANDA Segundo simposio argentino de grandes datos.,Buenos Aires- Argentina.,Latin America,In person,6 y 7 de Septiembre de 2016.,6/9/2016,7/9/2016,2016,Lightning talk,60,Speaker,,
1129,Radar Meteorológico,Radio Nacional,Radio con Voz/s,Santa Rosa,Argentina,In person,17/05/2016,17/5/2016,,2016,Podcast,500,Speaker,https://inta.gob.ar/audios/radar-meteorologico,
1130,Radar Meteorologico de INTA,Canal 3 de Santa Rosa,De Frente al Campo,Santa Rosa,Argentina,In person,04/06/2016,4/6/2016,,2016,Podcast,2000,Speaker,https://youtu.be/WA9jZdrNqOs?si=ooZtlzZo7tmeDDE1,
1131,Sistema de Información y base de datos para el inventario de recursos naturales de La Pampa,SADIO,10º Simposio Argentino de Informática en el Estado.,Buenos Aires- Argentina.,Latin America,In person,7 al 9 de Septiembre de 2016.,7/9/2016,9/9/2016,2016,Regular Talk,70,Speaker,,
1132,Turismo y Redes Sociales,INTA,Grupos de Cambio Rural sobre Turismo Rural y autoridades provinciales de la Dirección de Turismo de La Pampa.,Santa Rosa- La Pampa,Argentina,In person,,,,2016,Course,13,Teacher,,
1133,9vo Congreso Argentino de AgroInformática. 44 JAIIO,SADIO-INTA-UNC,,Córdoba,Latin America,In person,7 y 8 de Septiembre de 2017,7/9/2017,8/9/2017,2017,Conference,200,Chair,,
1134,Agro geotecnologías: sobre estrellas y semillas,INTA-LANIC,,San Luis- Argentina,Latin America,In person,05/12/2017,5/12/2017,,2017,Keynote,200,Speaker,https://yabellini.netlify.app/talk/2017_nic_latam/,
1135,AgroDatos abiertos en INTA,Clubes de Innovación,,Municipalidad de Trenque Lauquen,Argentina,In person,26-10-2017,26/10/2017,,2017,Keynote,60,Speaker,https://yabellini.netlify.app/talk/2017_clubinnovacion/,
1136,Agroinformática- el uso de la ciencia de los datos aplicada al sector agro para adquirir un mayor conocimiento,,,Santa Rosa,Argentina,In person,29/06/2017,29/6/2017,,2017,Podcast,100,Speaker,https://inta.gob.ar/audios/entrevista-a-lic-en-sistemas-de-informacion-yanina-bellini-investigadora-de-estacion-experimental-de-inta-anguil-agroinformatica-el-uso-de-la-ciencia-de-los-datos-aplicada-al-sector-agro-para,
1137,AgroMinería de Datos,Instituto Tecnológico de Educación Superior,,Santa Rosa,Argentina,In person,22 de junio de 2017,22/6/2017,,2017,Invited Talk,26,Speaker,https://yabellini.netlify.app/talk/2017_ites_agromineria/,
1138,AgroTICs: llevando la informática al campo,Liceo Informático II,,Santa Rosa,Argentina,In person,15 de mayo de 2017.,15/5/2017,,2017,Invited Talk,17,Speaker,https://yabellini.netlify.app/talk/2017_liceo/,
1139,Base de Datos Relacionales para sistemas agropecuarios,INTA,EEA INTA Anguil,Anguil- La Pampa,Argentina,In person,16/06/2017 al 30/11/2017,16/6/2017,30/11/2017,2017,Course,9,Teacher,,Un dia a la semana.
1140,Caracterización de sistemas productivos pampeanos,INTA,EEA Anguil. Cambio Rural.,Anguil-Santa Rosa-Toay,Argentina,In person,02/06/2017,2/6/2017,,2017,Regular Talk,9,Speaker,https://inta.gob.ar/noticias/caracterizacion-de-sistemas-productivos-pampeanos,
1141,Clasificación de Sistemas Productivos Preponderantes utilizando técnicas de agrupamiento para la estimación de emisiones de Gases de Efecto Invernadero,SADIO,CAI - 9º Congreso de AgroInformática (JAIIO),46 JAIIO,Latin America,In person,04/09/2017,4/9/2017,,2017,Regular Talk,60,Speaker,,
1142,Curso de capacitación interno sobre uso de web y espacios de colaboración.,INTA,EEA INTA Anguil,General Pico- La Pampa,Argentina,In person,27/11/2017,27/11/2017,,2017,Course,12,Teacher,,
1143,Hacia una Guía Digital Móvil para la identificación y manejo sustentable de los pastizales naturales,SADIO,CAI - 9º Congreso de AgroInformática (JAIIO),46 JAIIO,Latin America,In person,05/09/2017,5/9/2017,,2017,Regular Talk,60,Speaker,,
1144,Herramienta de limpieza de datos: OpenRefine,Colegio Universitario Liceo Informatico II. INTA,,Santa Rosa,Argentina,In person,28 de julio de 2017.,28/7/2017,,2017,Invited Talk,6,Speaker,,
1145,Herramientas para el manejo de datos agropecuarios. Base de Datos Relacionales para sistemas agropecuarios,Colegio Universitario Liceo Informatico II. INTA,,Santa Rosa y Anguil,Argentina,In person,16/06/2017 al 30/11/2017,16/6/2017,30/11/2017,2017,Course,15,Teacher,,Un dia a la semana.
1146,Herramientas para el manejo de datos agropecuarios. Google Earth,Colegio Universitario Liceo Informatico II. INTA,,Santa Rosa,Argentina,In person,18/08/2017,18/8/2017,,2017,Course,15,Teacher,,
1147,Herramientas para el manejo de datos agropecuarios. Google Sheets,Colegio Universitario Liceo Informatico II. INTA,,Santa Rosa,Argentina,In person,Septiembre,,,2017,Course,15,Teacher,,
1148,Herramientas para el manejo de datos agropecuarios. OpenRefine,Colegio Universitario Liceo Informatico II. INTA,,Santa Rosa,Argentina,In person,11/08/2017,11/8/2017,,2017,Course,15,Teacher,,
1149,Herramientas para el manejo de datos agropecuarios. Sistemas de información de INTA,Colegio Universitario Liceo Informatico II. INTA,,Santa Rosa,Argentina,In person,25/08/2017,25/8/2017,,2017,Course,15,Teacher,,
1150,Herramientas para el manejo de datos agropecuarios. Tableau.,Colegio Universitario Liceo Informatico II. INTA,,Santa Rosa,Argentina,In person,04/08/2017,4/8/2017,,2017,Course,15,Teacher,,
1151,INTA. Radar Meteorologico,Asociación Agrícola Ganadera de La Pampa,Exposición Rural- Comercial e Industrial,Santa Rosa,Argentina,In person,Octubre,,,2017,Exhibition,200,Speaker,,
1152,Introducción al Uso y Administración de espacios de colaboración de INTA,INTA,EEA Anguil,Anguil- La Pampa,Argentina,In person,Octubre a Noviembre de 2017,,,2017,Course,23,Teacher,,Un dia a la semana.
1153,Manejo de datos con herramientas libre,INTA - Universidad Nacional de La Pampa (UNLPam),,Santa Rosa- La Pampa,Argentina,In person,marzo 2017,,,2017,Course,28,Teacher,,
1154,Manejo de datos con herramientas libre,INTA - Universidad Nacional de La Pampa (UNLPam),,Santa Rosa- La Pampa,Argentina,In person,septiembre 2017,,,2017,Course,26,Teacher,,
1155,Manejo de datos con herramientas libre,INTA - Universidad Nacional de La Pampa (UNLPam),,Santa Rosa- La Pampa,Argentina,In person,octubre 2017,,,2017,Course,23,Teacher,,
1157,R-Ladies Santa Rosa,Radio Noticias,,Santa Rosa,Argentina,In person,20/04/2017,20/4/2017,,2017,Podcast,1000,Speaker,https://yabellini.netlify.app/talk/2017_elfaro_rladies/,
1156,R-Ladies Santa Rosa,Liceo Informático II,,Santa Rosa,Argentina,In person,22 de junio de 2017.,22/6/2017,,2017,Invited Talk,26,Speaker,,
1158,"R-Ladies Santa Rosa, ¿porqué y para qué?",Instituto Tecnológico de Educación Superior,,"Santa Rosa, La Pampa",Argentina,In person,22/06/2017,22/6/2017,,2017,Invited Talk,35,Speaker,https://yabellini.netlify.app/talk/2017_ites_rladies/,
1159,R-Ladies: Agroinformática y el rol de la mujer,CAI - 9º Congreso de AgroInformática (JAIIO),,46 JAIIO,Latin America,In person,05/09/2017,5/9/2017,,2017,Keynote,60,Speaker,https://yabellini.netlify.app/talk/2017_cai_clei/,
1160,Registro de propiedad intelectual de software,Reunión PROFEDER Contratistas Rurales.,,EEA Anguil.,Argentina,In person,30 de noviembre de 2017,30/11/2017,,2017,Regular Talk,7,Speaker,https://yabellini.netlify.app/talk/2017_profeder/,
1161,Resultados Convenio Comisiones de Estudio,Reuniones PRETs y Coordinadores de Área,,"Anguil, La Pampa",Argentina,In person,24/11/2017,24/11/2017,,2017,Invited Talk,30,Speaker,https://yabellini.netlify.app/talk/2017_comisionestudios/,
1162,Serie de Charlas Técnicas: AgroTICs,Instituto de Formación Técnica y Docente de Trenque Lauquen.,Tecnicatura en Producción Agricola-Ganadera,Anguil- La Pampa,Argentina,In person,03 de noviembre de 2017,3/11/2017,,2017,Regular Talk,15,Speaker,,
1163,Serie de Charlas Técnicas: GeoINTA y GeoTecnologías en la nube,INTA,,Santa Rosa,Argentina,In person,20 de octubre de 2017.,20/10/2017,,2017,Invited Talk,21,Speaker,,
1164,¿Cómo profundizar la convergencia entre Internet y producción,INTA-LACNIC,Seminario web “Internet y producción: hacia la convergencia en el agro”.,San Luis,Latin America,In person,17 de mayo de 2018.,17/5/2018,,2018,Panel,200,Speaker,https://inta.gob.ar/eventos/internet-y-produccion-hacia-la-convergencia-en-el-agro,
1165,LatinR 2018 <- Conferencia Latinoamericana de R en Investigación y Desarrollo,Universidad de Palermo. SADIO. LatinR,47 JAIIO. LatinR. ,Buenos Aires,Latin America,In person,3 al 5 de Septiembre de 2018,3/9/2018,5/9/2018,2018,Conference,200,Organizer,https://2018.latinr.org,
1166,10vo Congreso Argentino de AgroInformática. 45 JAIIO,INTA-SADIO.,,Buenos Aires,Latin America,In person,septiembre de 2018,,,2018,Conference,300,Chair,,
1167,20 años de desarrollo AgTech en la EEA Anguil,INTA,Consejo Regional La Pampa San Luis,"victorica, La Pampa",Argentina,In person,agosto de 2018,,,2018,Invited Talk,25,Speaker,,
1168,Análisis de clustering en una región de La Pampa para clasificar sistemas ganaderos preponderantes y estimar emisiones de gases de efecto invernadero,SADIO,CAI 2018 - Congreso Argentino de AgroInformática,,Latin America,In person,05/09/2018,5/9/2018,,2018,Regular Talk,1000,Speaker,,
1169,Cambio climático,INTA. Radio Nacional. ,INTA con Vos/z,Santa Rosa,Argentina,In person,05/07/2018,5/7/2018,,2018,Podcast,1000,Speaker,https://inta.gob.ar/audios/entrevista-a-la-ing-rrnn-anabella-lozza-y-a-la-lic-yanina-bellini-cambio-climatico,
1170,Congreso Argentino de Agroinformática: Un análisis bibliometrico,SADIO,CAI 2018 - Congreso Argentino de AgroInformática,47 JAIIO,Latin America,In person,06/09/2018,6/9/2018,,2018,Regular Talk,200,Speaker,,
1171,Congreso de Agroinformática 2018,INTA. Radio Nacional. ,INTA con Vos/z,Santa Rosa,Argentina,In person,13/09/2018,13/9/2018,,2018,Podcast,1000,Speaker,https://inta.gob.ar/audios/entrevista-a-la-lic-yanina-bellini-saibene-congreso-de-agroinformatica-2018,
1172,Evaluación del desempeño de productos satelitales para estimar precipitación en Córdoba (Argentina),INTA,CAI 2018 - Congreso Argentino de AgroInformática,47 JAIIO,Latin America,In person,05/09/2018,5/9/2018,,2018,Regular Talk,,Speaker,,
1173,GeoINTA y Geotecnologías en la nube.,INTA,Visita Alumnos Colegio secundario Enrique Stieben de Anguil. EEA Anguil.,Anguil- La Pampa,Argentina,In person,6/6/2018,6/6/2018,,2018,Regular Talk,35,Speaker,,
1174,La comunidad del lenguaje R en Santa Rosa,R-Ladies,PampaSeg y R-Ladies Santa Rosa,Prado Español- Santa Rosa,Latin America,In person,23/11/2018,23/11/2018,,2018,Invited Talk,,Speaker,,
1175,Manejo de datos con herramientas libre,INTA - Universidad Nacional de La Pampa (UNLPam),,Santa Rosa- La Pampa,Argentina,In person,03/07/2018,3/7/2018,,2018,Course,50,Teacher,,
1176,Mirando la producción de los Proyectos Regionales con Enfoque Territorial (PRETs) EEA Anguil,INTA,Consejo Regional La Pampa San Luis,"Anguil, La Pampa",Argentina,In person,26/12/2018,26/12/2018,,2018,Invited Talk,30,Speaker,,
1177,Monitoreo móvil del programa ProHuerta en La Pampa,SADIO,CAI 2018 - Congreso Argentino de AgroInformática,47 JAIIO,Latin America,In person,05/09/2018,5/9/2018,,2018,Regular Talk,,Speaker,,
1178,Primer Workshop Inundaciones y geotecnologías aplicadas: interinstitucionalidad y compromiso social,INTA - Universidad Nacional de La Pampa (UNLPam),,Santa Rosa,Argentina,In person,28 y 29 de Agosto de 2018,28/8/2018,29/8/2018,2018,Conference,,Organizer,https://inta.gob.ar/eventos/primer-workshop-inundaciones-y-geotecnologias-aplicadas-interinstitucionalidad-y-compromiso-social,
1179,Relevamiento de la Agricultura Periurbana en una microregión de La Pampa,SADIO,CAI 2018 - Congreso Argentino de AgroInformática,47 JAIIO,Latin America,In person,06/09/2018,6/9/2018,,2018,Regular Talk,,Speaker,,
1180,Seminario Charlando sobre brecha de género en STEM: AgroInformática y R-Ladies.,INTA,EEA Anguil.,Anguil- La Pampa,Argentina,In person,19/04/2018,19/4/2018,,2018,Regular Talk,,Speaker,,
1181,Setup R Day,R-Ladies,R-Ladies Santa Rosa,INTA Santa Rosa,Argentina,In person,26/02/2018,26/2/2018,,2018,Course,,Teacher,,
1182,Tendências de pesquisa em Agroinformática na Argentina: uma análise histórica,SADIO,CAI 2018 - Congreso Argentino de AgroInformática,47 JAIIO,Latin America,In person,06/09/2018,6/9/2018,,2018,Regular Talk,,Speaker,,
1183,10 años de la Red de Radares,INTA. Radio Nacional.,INTA con Vos/z,Santa Rosa,Argentina,In person,08/08/2019,8/8/2019,,2019,Podcast,1000,Speaker,https://inta.gob.ar/audios/entrevista-a-la-ing-agr-laura-belmonte-y-la-lic-yanina-bellini-saibene-10-anos-de-la-red-de-radares,
1184,10 años del radar de Anguil.,INTA,EEA Anguil. Alumnos del colegio secundario de Anguil.,Anguil,Argentina,In person,11/10/2019,11/10/2019,,2019,Regular Talk,35,Speaker,,
1185,11vo Congreso Argentino de AgroInformática. 46 JAIIO,INTA-SADIO.,,Salta,Argentina,In person,01/09/2019,1/9/2019,,2019,Conference,300,Chair,,
1186,LatinR 2019 <- Conferencia Latinoamericana de R en Investigación y Desarrollo,LatinR,LatinR 2019,Santiago de Chile,Chile,In person,25 a 27 de septiembre 2019,25/9/2019,27/9/2019,2019,Conference,200,Organizer,https://2019.latinr.org,
1187,Análise das Tendências de pesquisa no Congresso de Agroinformática da Argentina: um estudo regional,INTA-SADIO.,11º Congreso Argentino de AgroInformática (CAI-2019),Salta,Argentina,In person,2019,,,2019,Regular Talk,50,Speaker,,
1188,Aplicaciones de Ciencia de Datos.,UADE,Seminario de aplicación.,Online,Argentina,Online,04/11/2019,4/11/2019,,2019,Invited Talk,,Speaker,,
1189,Becas de diversidad rstudio::conf 2020. Te ayudamos a presentar tu postulación!,R-Ladies,R-Ladies Santa Rosa,Prado Español- Santa Rosa,Latin America,In person,13/09/2019,13/9/2019,,2019,Course,,Organizer,,
1191,Ciencia de Datos aplicada al Agro.,INTA. Radio Nacional.,INTA con Vos/z,Santa Rosa,Argentina,In person,11/04/2019,11/4/2019,,2019,Podcast,,Speaker,https://inta.gob.ar/audios/entrevista-a-la-lic-yanina-bellini-ciencia-de-datos-aplicada-al-agro,
1192,Ciencia de Datos aplicada al Agro.,Canal 3,De Fernte Al Campo,Santa Rosa,Argentina,In person,03/05/2019,3/5/2019,,2019,Podcast,2000,Speaker,https://youtu.be/X9L8PsDwod4?si=WZ1m2Uu_sLgiGlFp,
1190,Ciencia de Datos aplicada al Agro.,Colegio Universitario Liceo Informático II. INTA,Jornada Trabajos de Sistemas. ,Anguil- La Pampa,Argentina,In person,15/11/2019,15/11/2019,,2019,Regular Talk,,Speaker,,
1193,Ciencia de Datos con el Radar Meteorológico,Televisión Cooperativa Santa Rosa,AMUCAN,Santa Rosa,Argentina,In person,24/08/2019,24/8/2019,,2019,Podcast,,Speaker,,
1194,Conjunto de datos de imágenes etiquetadas para el desarrollo de aplicaciones de reconocimiento de patrones en el cultivo de girasol,INTA-SADIO.,11º Congreso Argentino de AgroInformática (CAI-2019),Salta,Latin America,In person,2019,,,2019,Regular Talk,50,Speaker,,
1195,Conjunto de datos de resultados de la Red Nacional de Cultivares de Girasol de INTA,INTA-SADIO.,11º Congreso Argentino de AgroInformática (CAI-2019),Salta,Latin America,In person,2019,,,2019,Regular Talk,50,Speaker,,
1197,Introducción al lenguaje R,Universidad Nacional de Salta,11º Congreso Argentino de AgroInformática (CAI-2019),Salta,Latin America,In person,17/09/2019,17/9/2019,,2019,Course,60,Teacher,https://48jaiio.sadio.org.ar/Tutoriales.html,
1196,Curso R desde Cero.,INTA. R-Ladies,INTA. R-Ladies Santa Rosa.,Prado Español- Santa Rosa,Argentina,In person,7 al 28 de Mayo de 2019,7/5/2019,28/5/2019,2019,Course,,Teacher,,"Dos veces por semana, 2 horas"
1198,Desarrollo AgTech con Ciencia de Datos,Universidad Nacional de San Luis (UNSL).,Taller Argentino de Computación Científica (TAC²).,Villa Mercedes,Latin America,In person,5/12/2019,5/12/2019,,2019,Keynote,80,Speaker,,
1199,Evaluación del desempeño de productos satelitales para estimar evapotranspiración en la región pampeana (Argentina),INTA-SADIO.,11º Congreso Argentino de AgroInformática (CAI-2019),Salta,Latin America,In person,2019,,,2019,Regular Talk,50,Speaker,,
1200,Exploración de Datos,Fundación Banco de La Pampa,,Santa Rosa- La Pampa,Argentina,In person,Octubre-Noviembre,,,2019,Course,15,Teacher,,
1201,Exploración de Datos,Fundación Banco de La Pampa,,Santa Rosa- La Pampa,Argentina,In person,Octubre-Noviembre,,,2019,Course,12,Teacher,,
1202,Geotecnologías en la era del Big Data.,Universidad Nacional de La Pampa.,2019GISDay,UNLPam. Instituto de Geografía.,Argentina,In person,13/11/2019,13/11/2019,,2019,Keynote,200,Speaker,,
1203,Geotecnologías en la Nube,Universidad Nacional de La Pampa,Carrera de Geografía,Santa Rosa,Argentina,In person,30/10/2019,30/10/2019,,2019,Invited Talk,,Speaker,,
1204,Google Earth Engine desde Cero,Universidad Nacional de Salta,,Salta,Latin America,In person,17/09/2019,17/9/2019,,2019,Course,65,Teacher,https://48jaiio.sadio.org.ar/Tutoriales.html,
1205,Modeling with H2O with R,LatinR,LatinR 2019,Santiago de Chile,Chile,In person,25/09/2019,25/9/2019,,2019,Course,30,Teacher Assistant,,
1206,Panel comunidades de práctica: R-Ladies,LatinR,LatinR 2019,Santiago de Chile,Chile,In person,25/09/2019,25/9/2019,,2019,Panel,,Speaker,,
1207,Quién es Quién en la Agroinformática Argentina,SADIO,11º Congreso Argentino de AgroInformática (CAI-2019),Salta,Latin America,In person,2019,,,2019,Regular Talk,50,Speaker,,
1208,R para análisis científicos reproducibles,INTA,INTA Castelar,Castelar- Buenos Aires- Argentina,Argentina,In person,06/08/2019,6/8/2019,,2019,Course,84,Teacher,,
1209,Radar Meteorológico: uso e interpretación de su información y productos,INTA - Universidad Nacional de La Pampa (UNLPam),,Facultad de Agromia de la UNLPam,Argentina,In person,14/08/2019,14/8/2019,,2019,Course,,Teacher,https://inta.gob.ar/eventos/radar-meteorologico-uso-e-interpretacion-de-su-informacion-y-productos,
1210,RMarkdown: generando reportes automáticos con R,R-Ladies,11° PampaSeg. ,Santa Rosa- La Pampa,Latin America,In person,14/12/2019,14/12/2019,,2019,Course,,Teacher,,
1211,Técnicas de Análisis de Redes Sociales para estudiar la colaboración científica,INTA,Seminarios INTA Anguil,Anguil,Argentina,In person,04/06/2019,4/6/2019,,2019,Invited Talk,,Speaker,https://inta.gob.ar/noticias/seminario-inta-anguil-tecnicas-de-analisis-de-redes-sociales-para-estudiar-la-colaboracion-cientifica,
1212,¡Cierre del año y Tidymodels!,R-Ladies,R-Ladies Argentina,,Argentina,Online,28/12/2020,28/12/2020,,2020,Course,40,Organizer,https://rladiesenargentina.github.io/Resumen_meetups_2020/index.html,
1213,¿Qué es un poster?,R-Ladies,R-Ladies La Paz,,Bolivia,Online,2020-12-12,12/12/2020,,2020,Talk,25,Speaker,https://twitter.com/rladieslapaz,
,12vo Congreso Argentino de AgroInformática. 47 JAIIO,INTA-SADIO.,,,Latin America,Online,01/10/2020,1/10/2020,,2020,Conference,1000,Chair,,
1215,LatinR 2020 <- Conferencia Latinoamericana de R en Investigación y Desarrollo,LatinR,LatinR 2020,,Latin America,Online,7 al 9 de octubre 2020,7/10/2020,9/10/2020,2020,Conference,1000,Chair,https://2020.latinr.org,
1,49 Jornadas Argentinas de Informática e Investigación Operativa,SADIO – FIUBA,,,Latin America,Online,19 al 30 de Octubre de 2020,19/10/2020,30/10/2020,2020,Conference,1000,Chair,https://49jaiio.sadio.org.ar/,
,Aplicaciones de Big Data en el Agro.,Universidad de la Empresa,Diplomatura en AgTech.,,Uruguay,Online,9 y 10 de Octubre 2020.,9/10/2020,10/10/2020,2020,Course,20,Teacher,,Tres horas cada dia
,Ciencia de Datos aplicada al Agro.,Universidad Nacional de Río Negro.,Clase invitada a la cátedra de AgroTICs de Ingeniería Agronómica,Rio Negro,Argentina,Online,22/04/2020,22/4/2020,,2020,Invited Talk,30,Speaker,,
,Ciencia de Datos aplicada al sector agropecuario.,UNICEN.,Diplomatura Universitaria en Inteligencia Artificial,Tandil,Argentina,Online,17/11/2020,17/11/2020,,2020,Invited Talk,65,Speaker,,
,Ciencia de Datos aplicadas al sector agropecuario.,R-Ladies,Ciclo de Charlas de R-Ladies La Paz. Bolivia-,La Paz,Bolivia,Online,04/06/2020,4/6/2020,,2020,Invited Talk,35,Speaker,,
,Ciencias de Datos en el sector agropecuario.,Universidad Nacional de Cordoba,Seminario de matemática aplicada. FAMAF (UNC).,Cordoba,Argentina,Online,14/09/2020,14/9/2020,,2020,Invited Talk,60,Speaker,,
2,Cómo hacer una reunión virtual inolvidable (sin morir en el intento),R-Ladies,R-Ladies Global para el mundo hispanohablante (Se organiza con Argentina- Chile- Perú- Bolivia- España y Ecuador).,,Global,Online,01/07/2020,1/7/2020,,2020,Talk,200,Speaker,https://www.meetup.com/es/rladies-santa-rosa/events/271529806/,
,Comunicando con posters,,Proyecto Internacional de la Alfabetización Estadística,,Bolivia,Online,12/12/2020,12/12/2020,,2020,Invited Talk,150,Speaker,,
9989,Comunidades de práctica en América Latina: R y Colegas.,R Foundation,useR! 2020,,Global,Online,11/07/2020,11/7/2020,,2020,Invited Talk,200,Speaker,,
,Comunidades de práctica para I+D y T+E: R y colegas. Seminario,INTA,,,Argentina,Online,23/10/2020,23/10/2020,,2020,Invited Talk,80,Speaker,,
,Cosechando Datos: el manejo de la información digital.,INTA,,,Argentina,Online,22/09/2020,22/9/2020,,2020,Invited Talk,1000,Speaker,,
,Curso RADAR Meteorológico.,INTA,,,Argentina,Online,22/05/2020,22/5/2020,,2020,Course,25,Teacher,,
,Datos Masivos en el sector Agropecuario,Universidad de la Empresa,Diploma en nuevas tecnologías en el agro.,,Uruguay,Online,junio 2020,1/6/2020,,2020,Course,18,Teacher,,
,Datos Masivos en Politicas Publicas,UNAB,,,Argentina,Online,,,,2020,Course,25,Teacher,,
345,Generando tutoriales interactivos con el paquete learnr.,LatinR,,,Latin America,Online,3/10/2020,3/10/2020,,2020,Course,47,Teacher,"https://github.com/LatinR/talleres-2020, https://www.meetup.com/es/rladies-santa-rosa/events/273513242/",
,Geotecnologías para el monitoreo y cuantificación de inundaciones.,Hidrología Pampeana Aplicada,,Santa Rosa,Argentina,Online,28/04/2020,28/4/2020,,2020,Invited Talk,60,Speaker,,
3,Hacia una red de práctica sobre comunidades de práctica.,Asociación Argentina de Humanidades Digitales.,Noviembre HD,Buenos Aires,Argentina,Online,12/11/2020,12/11/2020,,2020,Panel,100,Speaker,https://www.youtube.com/watch?v=7faW466eccM,
5012,Intro al ABC para dar clases (y hacer otras cosas Online).,INTA,,,Argentina,Online,18/07/2020,18/7/2020,,2020,Course,23,Teacher,,
5013,Intro al ABC para dar clases (y hacer otras cosas Online).,INTA,,,Argentina,Online,20/07/2020,20/7/2020,,2020,Course,18,Teacher,,
5016,Intro al ABC para dar clases (y hacer otras cosas Online).,INTA,,,Argentina,Online,24/07/2020,24/7/2020,,2020,Course,21,Teacher,,
5009,Intro al ABC para dar clases (y hacer otras cosas) Online,INTA,,,Argentina,Online,07/07/2020,7/7/2020,,2020,Course,23,Teacher,https://yabellini.netlify.app/courses/introalabc_corto/,
5010,Intro al ABC para dar clases (y hacer otras cosas) Online,INTA,,,Argentina,Online,14/07/2020,14/7/2020,,2020,Course,15,Teacher,https://yabellini.netlify.app/courses/introalabc_corto/,
5011,Intro al ABC para dar clases (y hacer otras cosas) Online,INTA,,,Argentina,Online,16/07/2020,16/7/2020,,2020,Course,13,Teacher,https://yabellini.netlify.app/courses/introalabc_corto/,
5014,Intro al ABC para dar clases (y hacer otras cosas) Online,INTA,,,Argentina,Online,21/07/2020,21/7/2020,,2020,Course,21,Teacher,https://yabellini.netlify.app/courses/introalabc_corto/,
5015,Intro al ABC para dar clases (y hacer otras cosas) Online,INTA,,,Argentina,Online,23/07/2020,23/7/2020,,2020,Course,14,Teacher,https://yabellini.netlify.app/courses/introalabc_corto/,
5018,Intro al ABC para dar clases (y hacer otras cosas) Online,INTA,,,Argentina,Online,28/07/2020,28/7/2020,,2020,Course,16,Teacher,https://yabellini.netlify.app/courses/introalabc_corto/,
5019,Intro al ABC para dar clases (y hacer otras cosas) Online,INTA,,,Argentina,Online,30/07/2020,30/7/2020,,2020,Course,15,Teacher,https://yabellini.netlify.app/courses/introalabc_corto/,
,Introducción a Git (control de versiones) y como usarlo con R y RStudio.,R-Ladies,,,Argentina,Online,18/05/2020,18/5/2020,,2020,Course,60,Teacher,,
5000,Introducción al ABC para enseñar Online,MetaDocencia,,,Argentina,Online,28/03/2020,28/3/2020,,2020,Course,20,Teacher,,
5001,Introducción al ABC para enseñar Online,MetaDocencia,,,Argentina,Online,03/04/2020,3/4/2020,,2020,Course,25,Teacher,,
5002,Introducción al ABC para enseñar Online,MetaDocencia,,,Argentina,Online,04/04/2020,4/4/2020,,2020,Course,21,Teacher,,
5003,Introducción al ABC para enseñar Online,MetaDocencia,,,Argentina,Online,11/04/2020,11/4/2020,,2020,Course,20,Teacher,,
5004,Introducción al ABC para enseñar Online,MetaDocencia,,,Argentina,Online,14/04/2020,14/4/2020,,2020,Course,17,Teacher,,
5005,Introducción al ABC para enseñar Online,INTA/MetaDocencia,,,Argentina,Online,18/04/2020,18/4/2020,,2020,Course,18,Teacher,,
5006,Introducción al ABC para enseñar Online,MetaDocencia,,,Argentina,Online,25/04/2020,25/4/2020,,2020,Course,21,Teacher,,
5007,Introducción al ABC para enseñar Online,MetaDocencia,,,Argentina,Online,02/05/2020,2/5/2020,,2020,Course,26,Teacher,,
5008,Introducción al ABC para enseñar Online,MetaDocencia,,,Argentina,Online,09/05/2020,9/5/2020,,2020,Course,23,Teacher,,
4,Introducción al ABC para enseñar Online,MetaDocencia,,,Argentina,Online,16/05/2020,16/5/2020,,2020,Course,21,Teacher,https://yabellini.netlify.app/courses/intro-abc-online/,
5017,Introducción al ABC para enseñar Online,MetaDocencia,,,Argentina,Online,29/05/2020,29/5/2020,,2020,Course,20,Teacher,,
346,Introducción al ABC para enseñar Online,LatinR,,,Latin America,Online,02/10/2020,2/10/2020,,2020,Course,28,Teacher,"https://github.com/LatinR/talleres-2020, https://www.meetup.com/es/rladies-santa-rosa/events/273506766/",
5,Introduction to online teaching essentials,,,,Global,Online,18/06/2020,18/6/2020,,2020,Course,,Organizer,https://yabellini.netlify.app/courses/intro-abc-online/,
5,Introduction to online teaching essentials,,,,Global,Online,20/06/2020,20/6/2020,,2020,Course,,Organizer,https://yabellini.netlify.app/courses/intro-abc-online/,
2706,Los datos lo cambian todo: Big Data- sensores remotos e inteligencia artificial.,,Congreso Maizar 4.0,,Argentina,Online,30/06/2020,30/6/2020,,2020,Panel,1000,Speaker,,
6,Mujeres en STEAM. ¿Quién es Yanina Bellini Saibene?,Las de Sistemas,,,Argentina,Online,26/06/2020,26/6/2020,,2020,Podcast,200,Speaker,https://youtu.be/_SmnmK6DgOg,
2705,Panel: Supporting Diversity in the R Community,R Foundation,useR! 2020,,Global,Online,17/07/2020,17/7/2020,,2020,Panel,100,Speaker,,
2704,Practicas efectivas para realizar eventos Online.,Comunidades de transferencia y extensión tecnológica en España.,,,España,Online,07/09/2020,7/9/2020,,2020,Panel,25,Speaker,,
7,Predictive modeling with text using tidy data principles.,R Foundation,useR! 2020,,Global,Online,24/07/2020,24/7/2020,,2020,Course,80,Organizer,https://www.meetup.com/es/rladies-santa-rosa/events/271927045/,
2703,Presentación de la Plataforma de Asistencia Estadística de INTA.,INTA,INTA,,Argentina,Online,18/11/2020,18/11/2020,,2020,Panel,100,Organizer,,
,Primeros pasos con GIT,R-Ladies,,,Argentina,Online,2020-05-18,18/5/2020,,2020,Talk,,Speaker,https://www.meetup.com/es/rladies-santa-rosa/events/270668823/,
2815,Desafios AgTech,,,Buenos Aires,Latin America,Online ,2020-11-03,3/11/2020,,2020,Hackathon,200,Jury,https://desafiosagtech.com/,
2701,R-Ladies Global- a worldwide organisation to promote gender diversity in the R community,,EGU General Assembly 2020,,Global,Online,08/05/2020,8/5/2020,,2020,Lightning talk,25,Speaker,,
,Radar Meteorológico: uso e interpretación de su información.,,XVIII Reunión Argentina y IX Latinoamericana de Agrometeorología 2020,,Argentina,Online,23/11/2020,23/11/2020,,2020,Course,20,Teacher,,
8,RStudio Instructor Certification Webinar,MiR Community,Webinar,"Saint Luis, USA",Global,Online,12/06/2020,12/6/2020,,2020,Panel,60,Speaker,https://youtu.be/582tMkPvloU,
,Segunda edición del curso de radar meteorológico.,INTA,,,Argentina,Online,03/07/2020,3/7/2020,,2020,Course,18,Teacher,,
,Seminario online: Uso y análisis de imágenes satelitales en el Agro,INTA,,,Argentina,Online,11/11/2020,11/11/2020,,2020,Course,40,Teacher,,
,Taller de Imagenes satelitales para uso agropecuario,INTA,,,Argentina,Online,2020-11-17,17/11/2020,,2020,Talk,,Speaker,https://inta.gob.ar/eventos/uso-y-analisis-de-imagenes-satelitales-en-el-agro,
,Text Mining o minería de textos.,INTA,,,Argentina,Online,25/09/2020,25/9/2020,,2020,Invited Talk,60,Speaker,,
,useR! 2020. The R Global Conference.,RFoundation,,,Global,Online,2020,,,2020,Conference,2000,Organizer,,
,Visualización,UNAB,,,Argentina,Online,,,,2020,Course,25,Teacher,,
2702,Procesando datos espaciales con R.,,Desafios AgTech.,,Latin America,Online,3/11/2020,3/11/2020,,2020,Course,100,Teacher,,
6000,{agromet}: un paquete en R para el análisis de datos meteorológicos,SADIO,,,Latin America,Online,2021,,,2021,Regular Talk,200,Speaker,,
,13vo Congreso Argentino de AgroInformática.,SADIO,,,Latin America,Online,octubre de 2021,,,2021,Conference,1000,Chair,,
6010,50 Jornadas Argentinas de Informática.,INTA-SADIO.,,,Latin America,Online,,,,2021,Conference,1000,Chair,,
5510,Additive Bayesian Networks Modeling,R Foundation,useR! 2021 Global,,Global,Online,7/7/2021,7/7/2021,,2021,Course,100,Organizer,https://youtu.be/dkPFdtDuLn4?si=X-2gcIsLsodlGmwD,
6001,Agricultura inteligente.,NASA Harverst. Bolsa de Cereales de Buenos Aires.,,,Latin America,Online,2021,,,2021,Invited Talk,400,Speaker,,
9,Aplicaciones agropecuarias de la Ciencia de datos,Universidad Nacional de Entre Rios,Segundas Jornadas Regionales de Cienca de Datos,,Argentina,Online,29/09/2021,29/9/2021,,2021,Invited Talk,37,Speaker,,
101,Aplicaciones de Ciencia de Datos en el sector agropecuario.,,X Seminario Internacional de Estadística Aplicada.,,Ecuador,Online,2021-05-14,14/5/2021,,2021,Keynote,200,Speaker,https://yabellini.netlify.app/talk/2021_keynote_siea_ecuador/,
5501,Aprendé a hacer ejercicios interactivos de R con learnr.,,RenBaires,,Argentina,Online,08/05/2021,8/5/2021,,2021,Course,51,Teacher,https://www.meetup.com/es/renbaires/events/277921094/,
,Aprendiendo {learnr} - Tutoriales interactivos,,,,Latin America,Online,2021-01-21,21/1/2021,,2021,Talk,,Speaker,https://learning-learnr.netlify.app/,
5525,Bayesian modeling in R with {rstanarm},R Foundation,useR! 2021 Global,,Global,Online,7/7/2021,7/7/2021,,2021,Course,30,Organizer,https://youtu.be/8kNpgcxDu6w?si=XbuYmX4w2If6-N09,
10,Ciencia de Datos aplicada al Agro.,,Seminario virtual de Estadística- Big Data y Data Science.,,Colombia,Online,13/12/2021,13/12/2021,,2021,Keynote,100,Speaker,https://yabellini.netlify.app/talk/2021_cdagro_se/,
310,Ciencia de datos aplicada al sector agropecuario,WIDS,,La Paz,Bolivia,Online,2021-05-01,1/5/2021,,2021,Talk,,Speaker,https://yabellini.netlify.app/talk/2021_wisd_lapaz/,
210,Ciencia de Datos aplicada al sector agropecuario. ,UdeSA,Maestría en Ciencia de Datos. Seminario de aplicación al ámbito público.,,Argentina,Online,17/04/2021,17/4/2021,,2021,Invited Talk,37,Speaker,https://yabellini.netlify.app/talk/2021_seminarioaplicacionespublicas/,
110,Ciencia de datos en el sector agropecuario y desde el sector público.,,Cadena de Datos.,,Argentina,Online,02/02/2021,2/2/2021,,2021,Podcast,2000,Speaker,https://youtu.be/5usE2w2v33E,
5505,Ciencia de Datos para Turismo con R - Centro,Ministerio de Turismo,,,Argentina,Online,Noviembre,,,2021,Course,37,Teacher,https://yabellini.netlify.app/courses/cd_turismo_2021/,
5504,Ciencia de Datos para Turismo con R - Norte,Ministerio de Turismo,,,Argentina,Online,Diciembre,,,2021,Course,35,Teacher,https://yabellini.netlify.app/courses/cd_turismo_2021/,
5506,Ciencia de Datos para Turismo con R - Patagonia,Ministerio de Turismo,,,Argentina,Online,Octubre,,,2021,Course,28,Teacher,https://yabellini.netlify.app/courses/cd_turismo_2021/,
6002,Clustering para determinar Sistemas Productivos Preponderantes,INTA,,,Argentina,Online,2021,,,2021,Invited Talk,32,Speaker,,
11,Como enseñar a programar on-line,Women in Bioinformatics and Data Science.,,,Argentina,Online,22/03/2021,22/3/2021,,2021,Course,20,Teacher,https://yabellini.netlify.app/courses/teach_programming/,
12,Como enseñar a programar on-line,INTA/MetaDocencia,,,Argentina,Online,24/04/2021,24/4/2021,,2021,Course,20,Teacher,https://yabellini.netlify.app/courses/teach_programming/,
,Como enseñar a programar.,MetaDocencia,,,Argentina,Online,2021,,,2021,Course,17,Teacher,,
,Comunidades de práctica - Mujeres que inspiran,,,,Latin America,Online,12/2/2021,12/2/2021,,2021,Talk,,Speaker,https://twitter.com/CientificasEC,
5514,Contributing to R,R Foundation,useR! 2021 Global,,Global,Online,7/7/2021,7/7/2021,,2021,Course,50,Organizer,https://youtu.be/CZmldTOdlRM?si=rHJSzosNRdtx1I-C,
5520,Data Pipelines at scale with R and Kubernetes,R Foundation,useR! 2021 Global,,Global,Online,7/7/2021,7/7/2021,,2021,Course,40,Organizer,https://youtu.be/q6h3hVs4OpI?si=uLwKhK_XTtbYiTxg,
5509,Data visualization using ggplot2 and its extensions,R Foundation,useR! 2021 Global,,Global,Online,7/7/2021,7/7/2021,,2021,Course,92,Organizer,https://youtu.be/3_ZqrTsaO4k?si=OWjpDntxTJC_1yHL,
5521,Datos espaciales a lo tidy,R Foundation,useR! 2021 Global,,Global,Online,7/7/2021,7/7/2021,,2021,Course,40,Organizer,https://youtu.be/SEW4yyxsp2M?si=g-Q5yXEAqy4QQDC9,
,Datos Masivos en el sector Agropecuario,Universidad de la Empresa ,,,Uruguay,Online,junio 2021,,,2021,Course,15,Teacher,,
5508,Datos Masivos en Politicas Publicas,UNAB,,,Argentina,Online,,,,2021,Course,25,Teacher,https://yabellini.netlify.app/courses/datosmasivos/,
,Enseñando a enseñar tecnología sin perder a nadie en el camino.,SADIO,50 JAIIO - Jornadas Argentinas de Informática e Investigación Operativa,,Latin America,Online,25/10/2021,25/10/2021,,2021,Keynote,120,Speaker,,
5523,Entry level R maps from African data,R Foundation,useR! 2021 Global,,Global,Online,7/7/2021,7/7/2021,,2021,Course,69,Organizer,https://user2021.r-project.org/program/tutorials/,
1234,Episodio 27 del podcast AgroVision.,Field View,,,Latin America,Online,2021-06-04,4/6/2021,,2021,Video/Podcast,,Speaker,https://open.spotify.com/episode/7cDJJo6OcAhswDyjE0noYe?si=gS-6jmW2TSGw2tjqcVIW7g,
13,"Facilitating discussions around Diversity, Equity and Inclusion.",,Center for Scientific Collaboration and Community Engagement- USA.,,Global,Online,27/04/2021,27/4/2021,,2021,Panel,170,Speaker,https://www.cscce.org/event/dei-sig-facilitating-discussions-around-dei/,
5502,From spreadsheets to R,Software Susteanability Institute,RS Camp: Beyond the Spreadsheet,,UK,Online,09/11/2021,9/11/2021,,2021,Course,30,Teacher,,
14,Geotecnologías al servicio del agro e imágenes satelitales,Kilimo,Academia de Riego.,,Latin America,Online,11/02/2021,11/2/2021,,2021,Invited Talk,200,Speaker,https://yabellini.netlify.app/talk/2021_kilimo/,
102,Geotecnologías en la era del Big Data,Universidad Austral,Diplomatura en Data Analytics para el Agro,,Latin America,Online,16/06/2021,16/6/2021,,2021,Invited Talk,56,Speaker,https://yabellini.netlify.app/talk/2021_uaustral_remotesensingds/,
5507,Gestión de Datos,UNAB,Licenciatura en Ciencia de Datos,,Argentina,Online,Marzo-Julio,,,2021,Course,30,Teacher,https://yabellini.netlify.app/courses/gestiondatos/,
5515,GET better at testing your R package!,R Foundation,useR! 2021 Global,,Global,Online,7/7/2021,7/7/2021,,2021,Course,51,Organizer,https://youtu.be/tzQGg1kAzGs?si=WhiGGMnaj9JsoGNa,
5518,Getting started with torch,R Foundation,useR! 2021 Global,,Global,Online,7/7/2021,7/7/2021,,2021,Course,58,Organizer,https://user2021.r-project.org/program/tutorials/,
5512,"Graphing multivariate categorical data: The how, what and why of mosaic plots and alluvial diagrams",R Foundation,useR! 2021 Global,,Global,Online,7/7/2021,7/7/2021,,2021,Course,24,Organizer,https://user2021.r-project.org/program/tutorials/,
5524,"How to build a package with ""Rmd First"" method",R Foundation,useR! 2021 Global,,Global,Online,7/7/2021,7/7/2021,,2021,Course,30,Organizer,https://user2021.r-project.org/program/tutorials/,
,Instructor trainer (how to teach computing skill to scientists),,The Carpentries.,,Global,Online,2021,,,2021,Course,26,Teacher,,
,Intro al ABC para enseñar (y hacer otras cosas) online.,INTA/MetaDocencia,,,Argentina,Online,2021,,,2021,Course,22,Teacher,,
,Introducción a la programación con R,Fundación Libertad,,Rosario,Latin America,Online,Marzo-Abril 2021,,,2021,Course,21,Teacher,,
5500,Introducción al ABC para enseñar (y hacer otras cosas) Online,INTA/MetaDocencia,,,Argentina,Online,31/03/2021,31/3/2021,,2021,Course,20,Teacher,https://yabellini.netlify.app/courses/intro-abc-online/,
,Introducción al ABC para enseñar (y hacer otras cosas) Online,SADIO,,,Argentina,Online,octubre 2021,,,2021,Course,16,Teacher,https://yabellini.netlify.app/courses/intro-abc-online/,
,Introducción al ABC para enseñar (y hacer otras cosas) Online.,INTA/MetaDocencia,,,Argentina,Online,2021,,,2021,Course,18,Teacher,,
15,Introducción al ABC para enseñar (y hacer otras cosas) Online.,MetaDocencia,,,Global,Online,20/03/2021,20/3/2021,,2021,Course,25,Teacher,https://yabellini.netlify.app/courses/intro-abc-online/,
,Introducción al ABC para enseñar Online,MetaDocencia,,,Global,Online,2021,,,2021,Course,15,Teacher,,
,Introducción al ABC para enseñar Online,INTA/MetaDocencia,,,Argentina,Online,2021,,,2021,Course,13,Teacher,,
16,Introducción al ABC para enseñar Online,MetaDocencia,,,Global,Online,26/02/2021,26/2/2021,,2021,Course,21,Teacher,https://yabellini.netlify.app/courses/intro-abc-online/,
5522,Introduction to Responsible Machine Learning,R Foundation,useR! 2021 Global,,Global,Online,7/7/2021,7/7/2021,,2021,Course,150,Organizer,https://youtu.be/VaWmTDF3nQc?si=4DQlk1Bf5XIxN1x-,
5526,Introduction to TileDB for R,R Foundation,useR! 2021 Global,,Global,Online,7/7/2021,7/7/2021,,2021,Course,152,Organizer,https://youtu.be/Fha7Iq8j5eM?si=cIRQYh4fMcjKehpO,
,La ciencia de datos al servicio del sector agropecuario,,,,Latin America,Online,10/3/2021,10/3/2021,,2021,Talk,,Speaker,https://www.austral.edu.ar/cienciasempresariales/conocimiento-e-impacto/austral-en-linea/webinars-2021/,
1234,LatinR 2021 <- Conferencia Latinoamericana sobre Uso de R en Investigación + Desarrollo,LatinR,LatinR 2021,,Latin America,Online,8/11/2021,8/11/2021,,2021,Conference,1000,Chair,https://2021.latinr.org,
,Los datos en el Agro,FieldView,AgroEvolución,,Latin America,Online,2021,,,2021,Podcast,3000,Speaker,,
,Los Datos en el Agro. Master Class.,FieldView,FieldView,,Latin America,Online,2021,,,2021,Invited Talk,200,Speaker,,
,MetaDocencia: Teaching How to Teach Technology together.,,XI Congreso Argentino de Bioinformática y Biología Computacional 2021,,Argentina,Online,11/11/2021,11/11/2021,,2021,Regular Talk,100,Speaker,,
,Missing narratives in discussions around diversity and inclusion in research software engineering. Panel discusión.,,SeptembRSE. Conference- on Research Software Engineering,,USA,Online,28/09/2021,28/9/2021,,2021,Panel,80,Speaker,,
17,"On programming, teaching, and building interactive tutorials with learnr",,RStudioConf.,,Global,Online,21/1/2021,21/1/2021,,2021,Regular Talk,15000,Speaker,https://www.rstudio.com/resources/rstudioglobal-2021/on-programming-teaching-and-building-interactive-tutorials-with-learnr/,
,Panel Building RSE Communities Worldwide. RSE in Latin America and Argentina.,,Research Software Engineers in HPC (RSE-HPC-2021),,USA,Online,15/11/2021,15/11/2021,,2021,Panel,80,Speaker,,
,Panel discussion: Do we have the right tools for research?,,Research Software Camp: Beyond the Spreadsheet- organised by the Software Sustainability Institute.,,UK,Online,5/11/2021,5/11/2021,,2021,Panel,40,Speaker,,
,Panel R-Ladies. Building- Growing- and Sustaining a Community.,,Women in Statistics and Data Science conference,,USA,Online,07/10/2021,7/10/2021,,2021,Panel,70,Speaker,,
5528,Penguins in a Box: Interactive Data Science Tutorial with Penguins,R Foundation,useR! 2021 Global,,Global,Online,7/7/2021,7/7/2021,,2021,Course,92,Organizer,https://youtu.be/Xp-iufqRuV0?si=IjwvhpKDBwskLtp2,
5519,Pingüinos en caja : tutorial interactivo de ciencia de datos con pingüinos,R Foundation,useR! 2021 Global,,Global,Online,7/7/2021,7/7/2021,,2021,Course,32,Organizer,https://youtu.be/FrwcnefP4AA?si=LWKI3He2GXTglUhr,
18,Presentación REC 028- Red de Modelado de Agroecosistemas.,,INTA,,Argentina,Online,29/04/2021,29/4/2021,,2021,Invited Talk,35,Speaker,,
5527,Production-grade Shiny Apps with {golem},R Foundation,useR! 2021 Global,,Global,Online,7/7/2021,7/7/2021,,2021,Course,30,Organizer,https://user2021.r-project.org/program/tutorials/,
5529,"Professional, Polished, Presentable: Making Great Slides with xaringan",R Foundation,useR! 2021 Global,,Global,Online,7/7/2021,7/7/2021,,2021,Course,60,Organizer,https://youtu.be/RPFh3y9UAX4?si=qevWF1JlVsloRNbN,
5511,Quick high quality maps with R,R Foundation,useR! 2021 Global,,Global,Online,7/7/2021,7/7/2021,,2021,Course,40,Organizer,https://user2021.r-project.org/program/tutorials/,
3250,R-Ladies+ Invita a useR!,R-Ladies,Reunión internacional en conjunto con R-Ladies.,,Global,Online,28/04/2021,28/4/2021,,2021,Panel,70,Organizer,https://www.meetup.com/es/rladies-santa-rosa/events/277740852/,
,Sororidad- comunidades y el empoderamiento de las Mujeres en la Ciencia,,,,Ecuador,Online,2021,,,2021,Panel,80,Speaker,,
5513,Spatial Statistics for huge datasets and best practices,R Foundation,useR! 2021 Global,,Global,Online,7/7/2021,7/7/2021,,2021,Course,50,Organizer,https://youtu.be/gQEM-cpLrmg?si=mvWq4NzRN5xMBwTd,
5517,Structure your app: introduction to Shiny modules,R Foundation,useR! 2021 Global,,Global,Online,7/7/2021,7/7/2021,,2021,Course,27,Organizer,https://youtu.be/oOYaHsPXLvs?si=Ngs0_vmTGj-0S1RL,
5516,Systematic data validation with the validate package,R Foundation,useR! 2021 Global,,Global,Online,7/7/2021,7/7/2021,,2021,Course,30,Organizer,https://youtu.be/hb785sQt8tg?si=K2ZF8Z3nBtIf9m-p,
,Tecnologías de TI para el Agro.,,UPRA,,Colombia,Online,2021,,,2021,Panel,100,Speaker,,
3222,Tracking Impact and Measuring Success in Data Education Events.,,"CSV,Conf,v6",,Global,Online,05/05/2021,5/5/2021,,2021,Panel,85,Organizer,https://csvconf.com/,
5530,Translating R to Your Language,R Foundation,useR! 2021 Global,,Global,Online,6/7/2021,6/7/2021,,2021,Course,30,Organizer,https://youtu.be/S3Qhqf9u6ao?si=vE1AeC7bJgecqYX2,
333,Un conjunto de paquetes para generar tutoriales interactivos para enseñar R,LatinR,LatinR,,Latin America,Online,12/11/2021,12/11/2021,,2021,Regular Talk,1000,Speaker,,
19,useR! 2021. The R Global Conference.,ETH. RFoundation,useR! 2021,,Global,Online,5 al 9 de Julio de 2021,5/7/2021,9/7/2021,2021,Conference,2000,Chair,https://user2021.r-project.org/,
234,Usos de la ciencia de datos en el sector agropecuario,WIDS,Women in Data Science La Paz 2021,,Bolivia,Online,2021,,,2021,Invited Talk,54,Speaker,,
,Visualización,Fundación Libertad,,Rosario,Latin America,Online,Octubre-Noviembre 2021,,,2021,Course,21,Teacher,,
,Visualización,UNAB,,,Argentina,Online,,,,2021,Course,25,Teacher,,
,Visualization,UNAB,,,Argentina,Online,Agosto-Diciembre,,,2021,Course,30,Teacher,,
,Webinar: “La Ciencia de Datos al servicio del sector agropecuario“.,Universidad Autral.,,,Latin America,Online,18/03/2021,18/3/2021,,2021,Invited Talk,80,Speaker,,
5503,What they forgot to teach you about teaching R..,RStudioConf 2021,,,Global,Online,25 y 26 de Enero 2021,25/1/2021,26/1/2021,2021,Course,60,Teacher Assistant,,
20,10 reglas para organizar un Club de Lectura (on-line) exitoso,LatinR,LatinR 2022,,Latin America,Online,14/10/2022,14/10/2022,,2022,Lightning talk,900,Speaker,https://yabellini.netlify.app/talk/latinr_2022_book_club/,
,14vo Congreso Argentino de AgroInformática.,INTA-SADIO.,14vo Congreso Argentino de AgroInformática.,,Latin America,Online,,,,2022,Conference,250,Organizer,,
70703,LatinR 2022 <- Conferencia Latinoamericana de R en Investigación y Desarrollo,LatinR,LatinR 2022,,Latin America,Online,10 al 14 de octubre de 2022,10/10/2022,14/10/2022,2022,Conference,900,Chair,https://2022.latinr.org,
,Agricultura inteligente,Universidad Austral de Rosario,Diplomatura en AgroAnalytics,Rosario,Latin America,Online,15/10/2022,15/10/2022,,2022,Course,40,Teacher,,
,Appsilon Shiny Conference,AppSilon,Appsilon Shiny Conference,,Global,Online,27-29 April 2022,27/4/2022,29/4/2022,2022,Conference,350,Organizer,,
1234,"Bueno, bonito y barato: reportes reproducibles con Rmarkdown",R-Ladies,Meetup R-Ladies Mendoza,,Argentina,Online,2022-05-28,28/5/2022,,2022,Talk,12,Speaker,https://www.meetup.com/es-es/rladies-mendoza/events/286132899/?eventOrigin=group_events_list,
2222,Bug Barbecue,R Foundation,useR! 2022 Global,,Global,Online,24/06/2022,24/6/2022,,2022,Hackathon,50,Organizer,https://contributor.r-project.org/events/bug-bbq,
21,Building inclusive communities. The Latin American Experience.,AsiaR,,,Asia,Online,19/02/2022,19/2/2022,,2022,Panel,30,Speaker,https://yabellini.netlify.app/talk/asiar_2022/,
7003,Causal machine learning with DoubleML,R Foundation,useR! 2022 Global,,Global,Online,20/06/2022,20/6/2022,,2022,Course,50,Organizer,https://user2022.r-project.org/program/tutorials/#causal-machine-learning-with-doubleml,
22,Champions Program application clinic,rOpenSci,,,Global,Online,01/11/2022,1/11/2022,,2022,Lightning talk,20,Speaker,,
2020,"Club de Lectura ""Enseñando Tecnología en Comunidad"". Arquitectura cognitiva. Aprendizaje Individual",MetaDocencia,,,Latin America,Online,29/03/2022,29/3/2022,,2022,Book Club,30,Organizer,,
2030,"Club de Lectura ""Enseñando Tecnología en Comunidad"". Conocimiento de la pedagogía del contenido. Enseñar como un arte performativo",MetaDocencia,,,Latin America,Online,05/04/2022,5/4/2022,,2022,Book Club,30,Organizer,,
2040,"Club de Lectura ""Enseñando Tecnología en Comunidad"". Construyendo una comunidad de práctica. Difusión y vinculación. Reuniones reuniones reuniones",MetaDocencia,,,Latin America,Online,26/04/2022,26/4/2022,,2022,Book Club,30,Organizer,,
2050,"Club de Lectura ""Enseñando Tecnología en Comunidad"". En el salón de clase. Enseñar en línea",MetaDocencia,,,Latin America,Online,19/04/2022,19/4/2022,,2022,Book Club,30,Organizer,,
2060,"Club de Lectura ""Enseñando Tecnología en Comunidad"". Las Reglas. Introducción. ¿Por qué enseño?",MetaDocencia,,,Latin America,Online,03/05/2022,3/5/2022,,2022,Book Club,30,Organizer,,
2070,"Club de Lectura ""Enseñando Tecnología en Comunidad"". Modelos mentales y evaluación formativa. Tipos de Ejercicios",MetaDocencia,,,Latin America,Online,15/03/2022,15/3/2022,,2022,Book Club,30,Organizer,,
2080,"Club de Lectura ""Enseñando Tecnología en Comunidad"". Pericia y memoria. Ejemplos de mapas conceptuales",MetaDocencia,,,Latin America,Online,22/03/2022,22/3/2022,,2022,Book Club,30,Organizer,,
2090,"Club de Lectura ""Enseñando Tecnología en Comunidad"". Un proceso para diseñar lecciones. Motivación y desmotivación",MetaDocencia,,,Latin America,Online,12/04/2022,12/4/2022,,2022,Book Club,30,Organizer,,
2100,Club de Lectura de Enseñar Tecnología en Comunidad,MetaDocencia,,,Latin America,Online,2022-05-08,8/5/2022,,2022,Talk,30,Speaker,https://yabellini.netlify.app/blog/2022_metadocencia_club_lectura_t3/10-bookclubt3/,
,Collaborative translations,The Carpentries,CarpentryCon 2022,,Global,Online,09/08/2022,9/8/2022,,2022,Panel,32,Speaker,,
,Como Carpentries me ayudó a diseñar una lección online para 300 estudiantes | How The Carpentries helped me design an online lesson for 300 students,,CarpentryCon 2022,,Global,Online,31/07/2022,31/7/2022,,2022,Lightning talk,67,Speaker,,
7700,Cómo ganarse la vida enseñando R,LatinR,LatinR 2022,,Latin America,Online,14/10/2022,14/10/2022,,2022,Regular Talk,900,Speaker,https://yabellini.netlify.app/talk/2022_latinr_teachandgetpaid/,
,Comunidades de práctica. Desarrollando capacidades en ciencia de datos en América Latina,,Women in Data Science La Plata 2022,La Plata,Argentina,Online,10/06/2022,10/6/2022,,2022,Keynote,100,Speaker,,
,Creando y usando tutoriales interactivos con {learnr},,SER - International Seminar on Statistics with R,,Brasil,Online,25/05/2022,25/5/2022,,2022,Keynote,200,Speaker,,
7005,Creating and deploying a statistical blog with the blogdown package,R Foundation,useR! 2022 Global,,Global,Online,20/06/2022,20/6/2022,,2022,Course,15,Organizer,https://user2022.r-project.org/program/tutorials/#creating-and-deploying-a-statistical-blog-with-the-blogdown-package,
,Creating fulfilling volunteer opportunities in open source software communities,CSCCE,CSCCE Community Call,,Global,Online,16/11/2022,16/11/2022,,2022,Panel,40,Speaker,,
,Creating interactive tutorials using {learnr} and {gradethis},The R User Group at the Harvard Data Science Initiative,,,USA,Online,19/05/2022,19/5/2022,,2022,Invited Talk,25,Speaker,,
,Data Science: aprendiendo a agregar valor a los datos,,Diplomatura en AgroAnalytics.,,Latin America,Online,20/10/2022,20/10/2022,,2022,Course,25,Teacher,,
,Datos Masivos en el sector Agropecuario,Universidad de La Empresa,Diploma en nuevas tecnologías en el agro,Montevideo,Uruguay,Online,11 y 12 de Junio de 2022,11/6/2022,12/6/2022,2022,Course,12,Teacher,,
,Datos Masivos en Politicas Publicas,UNAB,Diplomatura en Ciencia de Datos aplicadas a politicas públicas,Buenos Aires,Argentina,Online,,,,2022,Course,25,Teacher,,
123,Datos y digitalización del sector agropecuario,Amucan,,,Argentina,In person,20/02/2022,20/2/2022,,2022,Video/Podcast,1000,Speaker,https://youtu.be/JUBySmXqwc4,
23,Datos y digitalización del sector agropecuario.,DataLatam,,,Latin America,Online,20/02/2022,20/2/2022,,2022,Podcast,3000,Speaker,https://yabellini.netlify.app/talk/2022_datalatam_es/,
7000,Déployer une application Shiny: Comment faire en pratique ?,R Foundation,useR! 2022 Global,,Global,Online,20/06/2022,20/6/2022,,2022,Course,10,Organizer,https://user2022.r-project.org/program/tutorials/#d%C3%A9ployer-une-application-shiny-comment-faire-en-pratique,
7015,Desarrollo de aplicaciones de Shiny a nivel comercial (sponsored by Appsilon),R Foundation,useR! 2022 Global,,Global,Online,20/06/2022,20/6/2022,,2022,Course,15,Organizer,https://user2022.r-project.org/program/tutorials/#desarrollo-de-aplicaciones-de-shiny-a-nivel-comercial-sponsored-by-appsilon,
24,Desde las hojas de cálculo a R,Software Sustenaibility Institute,,,Global,Online,17/05/2022,17/5/2022,,2022,Course,30,Teacher,https://www.youtube.com/watch?v=qOpXUo6epr0,
,Diplomatura en AgroAnalytics. Agricultura inteligente,,,,Argentina,Online,15/10/2022,15/10/2022,,2022,Course,65,Teacher,https://yabellini.netlify.app/talk/austral_agroanalitycs_2022/,
7001,Docker for R users,R Foundation,useR! 2022 Global,,Global,Online,20/06/2022,20/6/2022,,2022,Course,40,Organizer,https://user2022.r-project.org/program/tutorials/#docker-for-r-users,
1234,Enabling Inclusive Research Conferencing in the ‘Post-Pandemic Era’,The Turing Way,Fireside Chat Series,,Global,Online,2022-04-29,29/4/2022,,2022,Panel,24,Organizer,https://pad.sfconservancy.org/p/ttw-fireside-chat-apr2022,
233,From Excel to R,R-Ladies,R-Ladies Gaborone,,Botsuana,Online,13/08/2022,13/8/2022,,2022,Invited Talk,50,Speaker,,
7008,Futureverse: Parallelization in R,R Foundation,useR! 2022 Global,,Global,Online,20/06/2022,20/6/2022,,2022,Course,31,Organizer,https://user2022.r-project.org/program/tutorials/#futureverse-parallelization-in-r,
25,Gaps & Opportunities for Inclusive Multilingual Data Science. (Panel),The Turing Way /The Turing Institute,,,Global,Online,11/02/2022,11/2/2022,,2022,Panel,60,Speaker,https://yabellini.netlify.app/talk/ttw_firechat_2022/,
126,Generando Tutoriales interactivos usando {learnr} y {gradethis},R-Ladies,R-Ladies Santa Rosa-R-Ladies Resistencia-Corrientes y MetaDocencia,,Argentina,Online,23/04/2022,23/4/2022,,2022,Course,8,Teacher,https://yabellini.netlify.app/courses/tutorialesinteractivos_intro/,
26,Generando Tutoriales interactivos usando {learnr} y {gradethis},R-Ladies,R-Ladies Buenos Aires y MetaDocencia,,Argentina,Online,11/05/2022,11/5/2022,,2022,Course,8,Teacher,https://yabellini.netlify.app/courses/tutorialesinteractivos_intro/,
27,Geotecnologías BigData Aprendizaje automático y emergencias agropecuarias,Universidad de San Andrés,Seminario de Aplicación al Ambito público - Maestría en Ciencia de Datos - Univ. de San Andrés,,Argentina,Online,06/07/2022,6/7/2022,,2022,Invited Talk,23,Speaker,https://yabellini.netlify.app/talk/seminarioaplicacionespublicas_2022/,
,Gestión de Datos,UNAB,Licenciatura en Ciencia de Datos,,Argentina,Online,Agosto-Diciembre,,,2022,Course,30,Teacher,,
7013,How to create publication-ready tables in R,R Foundation,useR! 2022 Global,,Global,Online,20/06/2022,20/6/2022,,2022,Course,47,Organizer,https://user2022.r-project.org/program/tutorials/#how-to-create-publication-ready-tables-in-r,
,I’ve got a little black Notebook with my code in | Tengo una pequeña notebook negra con mi código en ella,AGU,Notebook Now!,,Global,Hybrid,03/11/2022,3/11/2022,,2022,Keynote,50,Speaker,,
,Instructor trainer (how to teach computing skill to scientists),The Carpentries,,,Latin America,Online,10-12-17-19 y 26/05/2022,10/5/2022,26/5/2022,2022,Course,18,Teacher,https://yabellini.github.io/2022-05-10-ttt-online-spanish/,
5800,Internal R packages for Open Science in Agrometeorology,,FOSDEM'22,,Global,Online,05/02/2022,5/2/2022,,2022,Regular Talk,30,Speaker,https://yabellini.netlify.app/talk/2022_fosdem/,
5802,Intro al sensoramiento Remoto utilizando R aplicado al agro,Bolsa de Cereales de Buenos Aires. Universidad de Maryland,,,Argentina,Online,12/09/2022,12/9/2022,,2022,Course,45,Teacher,https://yabellini.netlify.app/courses/agri_remote_sensing/,
,Intro to {learnr} R package,R-Ladies,,,Southafrica,Online,29/03/2022,29/3/2022,,2022,Course,27,Teacher,,
,Introducción a la programación con R,Bolsa de Cereales de Buenos Aires,,Buenos Aires,Argentina,Online,5-12-19-26/04 y 03-10/05/2022,5/4/2022,10/5/2022,2022,Course,18,Teacher,,6 clases
,Introducción al análisis de datos con lenguaje R.,Bolsa de Cereales de Bahía Blanca,,Bahia Blanca,Argentina,Online,Mayo-Junio 2022,,,2022,Course,21,Teacher,,
7011,Introduction to dimensional reduction in R,R Foundation,useR! 2022 Global,,Global,Online,20/06/2022,20/6/2022,,2022,Course,35,Organizer,https://user2022.r-project.org/program/tutorials/#introduction-to-dimensional-reduction-in-r,
7004,Introduction to Git and GitHub,R Foundation,useR! 2022 Global,,Global,Online,20/06/2022,20/6/2022,,2022,Course,20,Organizer,https://user2022.r-project.org/program/tutorials/#introduction-to-git-and-github,
7006,Introduction to responsible machine learning · Wprowadzenie do modelowania predykcyjnego · La guía del viajero al aprendizaje automático responsable · Sorumlu makine öğrenmesi (machine learning) rehberi · Cùng xây dựng Model Machine Learning,R Foundation,useR! 2022 Global,,Global,Online,20/06/2022,20/6/2022,,2022,Course,50,Organizer,https://user2022.r-project.org/program/tutorials/#introduction-to-responsible-machine-learning-wprowadzenie-do-modelowania-predykcyjnego-la-gu%C3%ADa-del-viajero-al-aprendizaje-autom%C3%A1tico-responsable-sorumlu-makine-%C3%B6%C4%9Frenmesi-machine-learning-rehberi-c%C3%B9ng-x%C3%A2y-d%E1%BB%B1ng-model-machine-learning,
7002,Introduction to spatial data analysis in R,R Foundation,useR! 2022 Global,,Global,Online,20/06/2022,20/6/2022,,2022,Course,20,Organizer,https://user2022.r-project.org/program/tutorials/#introduction-to-spatial-data-analysis-in-r,
7012,Larger-than-memory data workflows with Apache Arrow,R Foundation,useR! 2022 Global,,Global,Online,20/06/2022,20/6/2022,,2022,Course,20,Organizer,https://user2022.r-project.org/program/tutorials/#larger-than-memory-data-workflows-with-apache-arrow,
7010,Lessons for designing scalable and maintainable Shiny apps,R Foundation,useR! 2022 Global,,Global,Online,20/06/2022,20/6/2022,,2022,Course,65,Organizer,https://user2022.r-project.org/program/tutorials/#lessons-for-designing-scalable-and-maintainable-shiny-apps,
,Lo que todo el mundo en Ciencia de Datos debe saber sobre enseñar y aprender,WIDS,Women In Data Science 2022 – Buenos Aires /FIUBA,,Argentina,Online,12/05/2022,12/5/2022,,2022,Invited Talk,80,Speaker,,
,Logrando el cambio que queremos de a una conferencia a la vez | Achieving the change we want one conference at a time,The Carpentries,CarpentryCon 2022,,Global,Online,01/08/2022,1/8/2022,,2022,Keynote,100,Speaker,,
7014,Machine learning with tidymodels,R Foundation,useR! 2022 Global,,Global,Online,20/06/2022,20/6/2022,,2022,Course,40,Organizer,https://user2022.r-project.org/program/tutorials/#machine-learning-with-tidymodels,
568,Mentoring & training program for Scientific Open Source Champions,rOpenSci,Champions Program,,Global,Online,24/10/2022,24/10/2022,,2022,Community Call,45,Speaker,https://ropensci.org/commcalls/oct2022-champions/,
5803,Panel de GitHub Stars de habla hispana,GitHub,Octogatos 2022,,Global,Online,15/09/2022,15/9/2022,,2022,Panel,1000,Speaker,https://sessionize.com/octogatosconf22,
7007,Programación de scripts en R para el procesamiento de QGIS,R Foundation,useR! 2022 Global,,Global,Online,20/06/2022,20/6/2022,,2022,Course,10,Organizer,https://user2022.r-project.org/program/tutorials/#programaci%C3%B3n-de-scripts-en-r-para-el-procesamiento-de-qgis,
7016,Regression modeling strategies,R Foundation,useR! 2022 Global,,Global,Online,20/06/2022,20/6/2022,,2022,Course,61,Organizer,https://user2022.r-project.org/program/tutorials/#regression-modeling-strategies,
28,rOpenSci: infraestructura para una ciencia abierta en Agrometeorología,,Reunión Argentina de Agrometerología 2022,,Latin America,Online,30/09/2022,30/9/2022,,2022,Keynote,500,Speaker,https://yabellini.netlify.app/talk/keynote_rada_2022/,
,rOpenSci. Bringing the best parts of academic peer-review to research software,AGU,Notebook Now!,,Global,Hybrid,04/11/2022,4/11/2022,,2022,Invited Talk,50,Speaker,,
29,rOpenSci. Ciencia abierta reproducible,INTA,,,Argentina,Online,02/12/2022,2/12/2022,,2022,Invited Talk,30,Speaker,https://yabellini.netlify.app/talk/ropensci_pae_inta_2022/,
,rOpenSci. Open Source Software Community,Abuja RUG Meetup,,,Africa,Online,18/10/2022,18/10/2022,,2022,Invited Talk,34,Speaker,,
,rOpenSci.Convertite en una campeona del desarrollo de paquetes de R,RenBaires,,,Latin America,Online,09/08/2022,9/8/2022,,2022,Invited Talk,25,Speaker,,
7009,RStudio in the Amazon EC2 Cloud: A total beginner’s guide,R Foundation,useR! 2022 Global,,Global,Online,20/06/2022,20/6/2022,,2022,Course,12,Organizer,https://user2022.r-project.org/program/tutorials/#rstudio-in-the-amazon-ec2-cloud-a-total-beginner-s-guide,
7701,Sistema de consulta de datos e información agrometeorológica y agroclimática para la provincia de La Pampa,LatinR,LatinR 2022,,Latin America,Online,13/10/2022,13/10/2022,,2022,Regular Talk,900,Speaker,https://yabellini.netlify.app/talk/2022_latinr_shiny_agromet/,
1234,Taller learnr,R-Ladies,Meetup R-Ladies Buenos Aires,,Argentina,Online,2022-03-10,10/3/2022,,2022,Talk,,Speaker,https://yabellini.netlify.app/courses/tutorialesinteractivos_intro/,
5801,Teaching with R,rOpenSci,Coworking session,,Global,Online,septiembre 2022,,,2022,Coworking,15,Organizer,https://ropensci.org/events/coworking-2022-09/,
30,Towards More Equitable Open Science Events: Assessing Tools Techniques and Frameworks for Inclusion/Exclusions,CS&S,Event Fund Seminar Series for grantees and CS&S affiliates,,Global,Online,09/08/2022,9/8/2022,,2022,Invited Talk,23,Speaker,https://yabellini.netlify.app/talk/2022_css/,
444,Un palenque pa ́l granizo: una arquitectura flexible para manejo de grandes volúmenes de datos para el agro.,SADIO,AGRANDA 2022,,Latin America,Online,25/10/2022,25/10/2022,,2022,Keynote,100,Speaker,,
31,useR! 2022. The R Global Conference.,R Foundation-Vanderbilt University,,,Global,Online,20 al 23 de Junio de 2022,20/6/2022,23/6/2022,2022,Conference,1500,Chair,https://user2022.r-project.org/,
32,Visualización,UNAB,,,Argentina,Online,Agosto-Diciembre,,,2022,Course,25,Teacher,,
132,Visualización,UNAB,,,Argentina,Online,Marzo-Julio,,,2022,Course,30,Teacher,,
7017,Visualizaciones efectivas con ggplot2: más allá de las opciones por defecto,R Foundation,useR! 2022 Global,,Global,Online,20/06/2022,20/6/2022,,2022,Course,12,Organizer,https://user2022.r-project.org/program/tutorials/#visualizaciones-efectivas-con-ggplot2-m%C3%A1s-all%C3%A1-de-las-opciones-por-defecto,
7710,What Everyone In Data Science Should Know About Teaching And Learning,,,,Brasil,Online,16/03/2022,16/3/2022,,2022,Keynote,100,Speaker,,
569,{targets} in Action,rOpenSci,,,Global,Online,31/01/2023,31/1/2023,,2023,Community Call,90,Organizer,https://ropensci.org/commcalls/jan2023-targets/,
9999,LatinR 2023 <- Conferencia Latinoamericana de R en Investigación y Desarrollo,LatinR,LatinR 2023,Montevideo,Uruguay,In person,19/10/2023,19/10/2023,,2023,Conference,300,Chair,https://2023.latinr.org,
570,A Journey through Arrow in R,rOpenSci,,,Global,Online,28/06/2023,28/6/2023,,2023,Community Call,60,Organizer,https://ropensci.org/commcalls/jun2023-arrow/,
9998,Análisis de colaboración en comunidades por medio de analisis de redes sociales,LatinR,LatinR 2023,Montevideo,Uruguay,In person,19/10/2023,19/10/2023,,2023,Regular Talk,300,Speaker,,
445,Building the rOpenSci Community of Practice,Tampa Bay Estuary Program,,,USA,Online,02/08/2023,2/8/2023,,2023,Invited Talk,30,Speaker,https://yabellini.netlify.app/talk/2023_tbep/,
446,Campeonas del software libre para ciencia,R-Ladies,R-Ladies Santa Rosa y Buenos Aires,,Argentina,Online,08/08/2023,8/8/2023,,2023,Invited Talk,15,Speaker,,
447,Causal Inference,posit,PositConf 2023,,Global,In person,19 y 20 Septiembre de 2023,19/9/2023,20/9/2023,2023,Course,60,Teacher Assistant,,
450,Celebración del 25 Aniversario,The Carpentries,The Carpentries 25 aniversario,,Latin America,Online,30/10/2023,30/10/2023,,2023,Panel,100,Speaker,https://yabellini.netlify.app/talk/2023-10-30-thecarpentries25/,
345,"Charla abierta con Thomas Dohmke, CEO de GitHub",Microsoft Argentina,,Buenos Aires,Argentina,In person,08/05/2023,8/5/2023,,2023,Panel,400,Speaker,https://yabellini.netlify.app/talk/2023_github/,
33,Charla Sponsor: R Consortium,LatinR,LatinR 2023,Montevideo,Uruguay,In person,20/10/2023,20/10/2023,,2023,Sponsor Talk,300,Speaker,https://yabellini.netlify.app/talk/2023_latinr_rconsortium/,
444,Cohort meeting - champions program 2022-2023,rOpenSci,Champions Program,,Global,Online,19/06/2023,19/6/2023,,2023,Course,10,Organizer,,
444,Cohort meeting - champions program 2022-2023,rOpenSci,Champions Program,,Global,Online,27/06/2023,27/6/2023,,2023,Course,10,Organizer,,
44,Cohort meeting - champions program 2022-2023,rOpenSci,Champions Program,,Global,Online,23/08/2023,23/8/2023,,2023,Course,10,Organizer,,
44,Cohort meeting - champions program 2022-2023,rOpenSci,Champions Program,,Global,Online,31/08/2023,31/8/2023,,2023,Course,10,Organizer,,
44,Cohort meeting - champions program 2022-2023,rOpenSci,Champions Program,,Global,Online,24/11/2023,24/11/2023,,2023,Course,15,Organizer,,
,"CSV,Conf","CSV,Conf","CSV,Conf",,Global,Online,2023-04-17,17/4/2023,,2023,Event Organization,,Organizer,https://csvconf.com/,
1234,Desde las hojas de cálculo a R,Software Sustainability Institute,,,Global,Online,28/6/2023,28/6/2023,,2023,Course,30,Teacher,https://www.eventbrite.co.uk/e/desde-las-hojas-de-calculo-a-r-tickets-628425626967?aff=oddtdtcreator,
34,Developing software together,rOpenSci,Champions Program,,Global,Online,19/05/2023,19/5/2023,,2023,Course,20,Teacher,https://ropensci.org/events/2023-05-19-developing-software-together/,
35,"Dinosaurs, Pirates, Spaceships",Embedded podcast,,,USA,Online,30/11/2023,30/11/2023,,2023,Podcast,1000,Speaker,https://yabellini.netlify.app/talk/2023_embedded_podcast/,
,Enseñar Tecnología en Comunidad,,,,Global,Online,2023-06-19,19/6/2023,,2023,Event Organization,,Organizer,https://yabellini.netlify.app/courses/t3es/,
36,How rOpenSci performs peer review,rOpenSci,Champions Program,,Global,Online,04/04/2023,4/4/2023,,2023,Course,20,Organizer,https://ropensci.org/events/2023-04-04-how-ropensci-review/,
37,How to contribute to base R,rOpenSci,Champions Program,,Global,Online,18/05/2023,18/5/2023,,2023,Course,20,Organizer,https://ropensci.org/events/2023-05-18-how-to-contribute-base-r/,
38,Kickoff meeting for champions and mentors,rOpenSci,Champions Program,,Global,Online,24/01/2023,24/1/2023,,2023,Course,10,Organizer,,
138,Kickoff meeting for champions and mentors,rOpenSci,Champions Program,,Global,Online,27/01/2023,27/1/2023,,2023,Course,10,Organizer,,
39,Let’s Talk Community with Yanina Belline Saibene,Data Umbrella,,,Global,Online,04/08/2023,4/8/2023,,2023,Podcast,83,Speaker,https://yabellini.netlify.app/talk/2023_dataumbrella/,
,Making a PACT for engaging virtual meetings and events,rOpenSci,Champions Program,,Global,Online,15/02/2023,15/2/2023,,2023,Course,10,Organizer,,
571,Mentoring & training program for Scientific Open Source Champions,rOpenSci,Champions Program,,Global,Online,25/07/2023,25/7/2023,,2023,Community Call,30,Organizer,https://ropensci.org/commcalls/july2023-championprogram/,
,Multilingual Publishing,Bioconductor,,,Global,Online,09/02/2023,9/2/2023,,2023,Invited Talk,25,Speaker,https://yabellini.netlify.app/talk/2023_bioconductor/,
572,Multilingual Publishing,rOpenSci,,,Global,Online,21/11/2023,21/11/2023,,2023,Community Call,20,Organizer,https://ropensci.org/commcalls/nov2023-multilenguaje/,
,Nerdearla,,Nerdearla,,Global,Hybrid,2023-07-31,31/7/2023,,2023,Event Organization,,Organizer,https://nerdear.la/,
,Organizing Community Calls using GitHub,CSCCE,Open-Source Tools Trial Recap,,Global,Online,30/08/2023,30/8/2023,,2023,Invited Talk,80,Speaker,https://yabellini.netlify.app/talk/2023_github_cscce/,
40,Package Development: Not Rocket Science,rOpenSci,Champions Program,,Global,Online,23/03/2023,23/3/2023,,2023,Course,20,Teacher Assistant,https://ropensci.org/events/2023-03-23-pkg-dev-not-rocket-science-champions/,
41,Package Development: the Mechanics,rOpenSci,Champions Program,,Global,Online,14/03/2023,14/3/2023,,2023,Course,20,Teacher Assistant,https://ropensci.org/events/2023-03-14-pkg-dev-mechanics-champions/,
,Programming for Science,OLS,OLS-7,,Global,Online,10/05/2023,10/5/2023,,2023,Invited Talk,30,Speaker,https://yabellini.netlify.app/talk/2023_ols/,
573,Proyecto Multilingüe,rOpenSci,,,Global,Online,23/11/2023,23/11/2023,,2023,Community Call,20,Organizer,https://ropensci.org/commcalls/nov2023-multilingual/,
574,R in Government,rOpenSci,,,Global,Online,31/10/2023,31/10/2023,,2023,Community Call,60,Organizer,https://ropensci.org/commcalls/oct2023-government/,
,rOpenSci Champions Program. A mentoring & training program for Scientific Open Source Champions,EuroBioImaging,,,Europe,Online,16/02/2023,16/2/2023,,2023,Invited Talk,30,Speaker,https://yabellini.netlify.app/talk/2023_eurobioimaging/,
12,Mentorship Training and Orientation,rOpenSci,Champions Program,,Global,Online,2023-02-21,21/2/2023,,2023,Course,10,Teacher,https://ropensci.org/events/2023-03-01-mentor-orientation/,
,rOpenSci Mentoring & training program for Scientific Open Source Champions. Kickoff meeting 1.,rOpenSci,Champions Program,,Global,Online,27/01/2023,27/1/2023,,2023,Regular Talk,10,Speaker,https://yabellini.netlify.app/talk/2023_kickoff_meting_1/,
,rOpenSci Mentoring & training program for Scientific Open Source Champions. Kickoff Meeting 2,rOpenSci,Champions Program,,Global,Online,24/01/2023,24/1/2023,,2023,Regular Talk,10,Speaker,https://yabellini.netlify.app/talk/2023_kickoff_meting_2/,
42,rOpenSci Mentoring & training program for Scientific Open Source Champions - mentors 1,rOpenSci,Champions Program,,Global,Online,04/12/2023,4/12/2023,,2023,Regular Talk,2,Speaker,,
,rOpenSci Mentoring & training program for Scientific Open Source Champions - mentors 2,rOpenSci,Champions Program,,Global,Online,05/12/2023,5/12/2023,,2023,Regular Talk,5,Speaker,,
142,rOpenSci Mentoring & training program for Scientific Open Source Champions - mentors 3,rOpenSci,Champions Program,,Global,Online,04/12/2023,4/12/2023,,2023,Regular Talk,4,Speaker,,
43,rOpenSci. Ciencia abierta con R,,R Day Colombia,,Colombia,Hybrid,23/11/2023,23/11/2023,,2023,Keynote,150,Speaker,https://yabellini.netlify.app/talk/2023_rday_colombia/,
,rOpenSci. Ciencia Abierta Reproducible por y para todes,R-Ladies,4to encuentro anual de R Ladies México,Mexico,Latin America,Online,23/09/2023,23/9/2023,,2023,Invited Talk,70,Speaker,https://yabellini.netlify.app/talk/2023_r-ladiesmexico/,
,rOpenSci. Reproducible Open Science for (and by) All,University of Toronto,Toronto Workshop on Reproducibility / Hybrid (Global),Toronto,Global,Hybrid,23/02/2023,23/2/2023,,2023,Invited Talk,200,Speaker,,
3434,Social Coworking and Office Hours - Champions Program Application Clinic,rOpenSci,Champions Program,,Global,Online,17/08/2023,17/8/2023,,2023,Coworking,5,Organizer,https://ropensci.org/events/coworking-2023-08-17/,
2424,Social Coworking and Office Hours - Champions Program Application Clinic,rOpenSci,Champions Program,,Global,Online,23/08/2023,23/8/2023,,2023,Coworking,8,Organizer,https://ropensci.org/events/coworking-2023-08-23/,
2323,Spring Cleaning for R packages and Scripts,rOpenSci,,,Global,Online,03/05/2023,3/5/2023,,2023,Coworking,10,Organizer,https://ropensci.org/events/coworking-2023-05/,
3333,Tell me who you hang out with and I’ll tell you who you are: a collaborative analysis using social network analysis.,"CSV,Conf","CSV,Conf,v7",Buenos Aires,Argentina,In person,20/04/2023,20/4/2023,,2023,Regular Talk,200,Speaker,https://yabellini.netlify.app/talk/2023_csv_conf/,
1234,Carpentries Conversation with the Executive Council,The Carpentries,The Carpentries Community Discussion Session,,Global,Online,2023-06-14,14/6/2023,,2023,Talk,,Speaker,"https://pad.carpentries.org/community-discussions,%20https://carpentries.zoom.us/my/carpentriesroom2",
3908,LatinR 2024 <- Conferencia Latinoamericana sobre Uso de R en Investigación + Desarrollo,LatinR,LatinR 2024,,Latin America,Online,18-22/11/2024,18/11/2024,22/11/2024,2024,Conference,800,Chair,https://2024.latinr.org,
575,A comunidade R fala português,rOpenSci,,,Latin America,Online,6/11/2024,6/11/2024,,2024,Community Call,20,Organizer,https://ropensci.org/commcalls/translation-portuguese/,
,Amplificando voces: minorías en la frontera de la IA en la comunidad R,,VIII International Seminar on Statistics with R.,,Brasil,Hybrid,04/06/2024,4/6/2024,,2024,Invited Talk,300,Speaker,https://yabellini.netlify.app/talk/2024_ser_brasil/,
44,"Beautiful code, because we’re worth it!",rOpenSci,Champions Program,,Global,Online,15/02/2024,15/2/2024,,2024,Course,15,Teacher Assistant,https://ropensci.org/events/2024-02-15-stylish-code/,
,Champions Program Kickoff Meeting - 1,rOpenSci,Champions Program,,Global,Online,29-01-2024,29/1/2024,,2024,Course,15,Teacher,,
,Champions Program Kickoff Meeting - 2,rOpenSci,Champions Program,,Global,Online,30-01-2024,30/1/2024,,2024,Course,5,Teacher,,
,Ciencia de Datos en el Agro,,,,Argentina,Online,3/10-17/10,3/10/2024,17/10/2024,2024,Course,23,Teacher,,
45,"Concurso ""Contar con Datos""",,,Buenos Aires,Argentina,Hybrid,24/11/2024,24/11/2024,,2024,Contest,40,Jury,https://udesa.edu.ar/contarcondatos,
,Crossing the Language Barrier,,,,Global,Online,12/03/2024,12/3/2024,,2024,Podcast,200,Speaker,https://yabellini.netlify.app/talk/2024_code_4_thought_podcast/,
,"CSV,Conf,v8","CSV,Conf","CSV,Conf,v8",,Global,In person,28/05/2024,28/5/2024,,2024,Conference,300,Organizer,,
3061,Educación abierta: materiales online al alcance de la mano,,,Rosario,Argentina,Online,11/12/2024,11/12/2024,,2024,Lightning talk,200,Speaker,https://yabellini.netlify.app/talk/2024_austral_educacion/,
,Fostering Diversity and Sustainability in the Open Source Scientific Software Community. The rOpenSci Champions Program,,,,Global,Online,10/02/2024,10/2/2024,,2024,Regular Talk,50,Speaker,https://yabellini.netlify.app/talk/2024_devroom/,
,Gestión de Datos Masivos en el Agro,,,,Argentina,Online,3/10/2024,3/10/2024,,2024,Course,17,Teacher,,
,Hermosas presentaciones con Quarto,,,Santa Rosa,Argentina,Online,16/03/2024,16/3/2024,,2024,Course,16,Teacher,https://yabellini.netlify.app/talk/2024_quarto_rladiessr/,
,How rOpenSci performs peer-review,rOpenSci,Champions Program,,Global,Online,15/04/2024,15/4/2024,,2024,Course,20,Organizer,,
,How to contribute to open projects and communities,rOpenSci,Champions Program,,Global,Online,03-04-2024,3/4/2024,,2024,Course,10,Teacher,,
,Introduccion a AgTech,,,,Argentina,Online,11/07-25/07,11/7/2024,25/7/2024,2024,Course,30,Teacher,,
3060,Last Cohort Meeting - rOpenSci Champions Program,rOpenSci,Champions Program,,Global,Online,13/12/2024,13/12/2024,,2024,Coworking,15,Organizer,,
,Making a PACT for engaging virtual meetings and events,rOpenSci,Champions Program,,Global,Online,14/08/2024,14/8/2024,,2024,Course,20,Organizer,,
12,Mentorship Training and Orientation,rOpenSci,Champions Program,,Global,Online,14-02-2024,14/2/2024,,2024,Course,20,Teacher,https://ropensci.org/events/2024-02-15-mentor-orientation/,
576,Navigating the R ecosystem using R-universe,rOpenSci,Champions Program,,Global,Online,24/09/2024,24/9/2024,,2024,Community Call,60,Organizer,https://ropensci.org/commcalls/nov2024-r-universe/,
46,Nerdearla Argentina,,Nerdearla Argentina Conferencia,,Global,Hybrid,30/09/2024,30/9/2024,,2024,Conference,1000,Organizer,https://nerdear.la/,
146,Nerdearla Mexico,,Nerdearla Mexico Conferencia,,Global,Hybrid,30/09/2024,30/9/2024,,2024,Conference,1000,Organizer,https://nerdear.la/en/,
47,Package Development - Not Rocket Science,rOpenSci,Champions Program,,Global,Online,10/03/2024,10/3/2024,,2024,Course,12,Teacher Assistant,https://ropensci.org/events/2024-04-01-pkg-dev-not-rocket-science-champions/,
48,Package Development - The Mechanics Session 1,rOpenSci,Champions Program,,Global,Online,22/02/2024,22/2/2024,,2024,Course,12,Teacher Assistant,https://ropensci.org/events/2024-03-01-pkg-dev-mechanics-champions/,
148,Package Development - The Mechanics Session 2,rOpenSci,Champions Program,,Global,Online,29/02/2024,29/2/2024,,2024,Course,15,Teacher Assistant,https://ropensci.org/events/2024-03-01-pkg-dev-mechanics-champions/,
248,Package Development - The Mechanics Session 3,rOpenSci,Champions Program,,Global,Online,07/03/2024,7/3/2024,,2024,Course,10,Teacher Assistant,https://ropensci.org/events/2024-03-01-pkg-dev-mechanics-champions/,
,R-Ladies Global & Other #RStats Communities,R-Ladies,,,Global,Online,14/09/2024,14/9/2024,,2024,Invited Talk,50,Speaker,https://yabellini.netlify.app/talk/2024_r-ladies-ghana/,
320,Reproducible Open Science by and for All,CZI,Open Science Meeting,Boston,USA,In person,14/06/2024,14/6/2024,,2024,Invited Talk,300,Speaker,https://yabellini.netlify.app/talk/2024_czi_boston/,Esta conferencia fue de mas dias.
3062,Research Software Camp: From spreadsheets to R,Software Sustainability Institute ,,,Global,Online,27/11/2024,27/11/2024,,2024,Course,30,Teacher,https://www.eventbrite.co.uk/e/research-software-camp-from-spreadsheets-to-r-tickets-1056738235509,
49,rOpenSci and the Peer-Review of Research Software,,,,Japon,Online,11/12/2024,11/12/2024,,2024,Invited Talk,11,Speaker,https://yabellini.netlify.app/talk/2024_biopackhaton/,
577,Screen Reader Accessible Tools and Resources for Learning and Working with R,rOpenSci,,,Global,Online,10/09/2024,10/9/2024,,2024,Community Call,70,Organizer,https://ropensci.org/events/rsr-learn-and-use/,
12,The stories behind your community numbers,The Carpentries,CarpentryConnect,Heilderberg,Alemania,Hybrid,14/12/2024,14/12/2024,,2024,Keynote,200,Speaker,https://yabellini.netlify.app/talk/2024_carpentryconbiont/,
3909,Tradução + Hackathon = Traslaton rOpenSci,LatinR. rOpenSci,Champions Program,,Latin America,Online,18/11/2024,18/11/2024,,2024,Hackathon,27,Organizer,https://www.eventbrite.cl/e/traducao-hackathon-traslaton-ropensci-tickets-1045507530167,
12,Training - Developing Software Together,rOpenSci,Champions Program,,Global,Online,23/07/2024,23/7/2024,,2024,Course,50,Teacher,,
12,Unlocking Insights from LatinR. Collaboration and Innovation in Data Science,RConsortium,RConsortium Webinars,,Global,Online,22/10/2024,22/10/2024,,2024,Invited Talk,200,Speaker,https://yabellini.netlify.app/talk/2024_rconsortium_latinr/,
3910,Usando Quarto Live para tutoriales interactivos,LatinR,LatinR 2024,,Global,Online,22/11/2024,22/11/2024,,2024,Regular Talk,800,Speaker,https://yabellini.netlify.app/talk/2024_latinr_quartolive/,
50,Using GitHub Copilot (and other LLM) with R,R-Ladies,R-Ladies Rome,Rome,Global,Online,10/12/2024,10/12/2024,,2024,Invited Talk,30,Speaker,https://yabellini.netlify.app/talk/2024_r-ladiesrome/,
12,Yani Bellini Saibene on better scientific coding communities,Sustain Podcast,,,Global,Online,12/04/2024,12/4/2024,,2024,Podcast,2000,Speaker,https://yabellini.netlify.app/talk/2024_sustain_podcast/,
4001,"¡Código hermoso, porque lo valemos!",rOpenSci,Champions Program Event,,Latin America,Online,02/09/2025,2/9/2025,,2025,Course,20,Organizer,https://codigo-hermoso.netlify.app/#/,
2035,¡Mi3rda git! Manejo de errores en Git y no morir en el intento,"rOpenSci, R-Ladies Santa Rosa y RenBaires",,,Argentina,Online,24/10/2025,24/10/2025,,2025,Course,15,Organizer,https://www.meetup.com/rladies-santa-rosa/events/308395195/,
2028,"¡Miércoles, Git! Manejo de errores en Git y no morir en el intento",LatinR,LatinR 2025,,Latin America,Online,02/12/2025,2/12/2025,,2025,Course,9,Organizer,https://www.eventbrite.cl/e/miercoles-git-manejo-de-errores-en-git-y-no-morir-en-el-intento-tickets-1937068908249?aff=oddtdtcreator,
2029,¿Qué historia vas a contar hoy? Herramientas para una comunicación eficaz.,LatinR,LatinR 2025,,Latin America,Online,02/12/2025,2/12/2025,,2025,Course,7,Organizer,https://www.eventbrite.cl/e/que-historia-vas-a-contar-hoy-herramientas-para-una-comunicacion-eficaz-tickets-1891497192019?aff=oddtdtcreator,
3001,LatinR 2025 <- Conferencia Latinoamericana sobre Uso de R en Investigación + Desarrollo,LatinR,LatinR 2025,,Latin America,Online,1-5/12/2025,1/12/2025,5/12/2025,2025,Conference,600,Chair,https://latinr.org,
3003,Accessibility in Action: Practical Strategies I Use in Teaching,The Carpentries,Midwest US Carpentries Community,,USA,Online,1/10/2025,1/10/2025,,2025,Invited Talk,4,Speaker,https://yabellini.netlify.app/talk/2025_thecarpentries_midwest/,
2004,Advancing Research with openScience and Collaborative Communitties,Brandon University,,,Regional,Online,31/01/2025,31/1/2025,,2025,Invited Talk,35,Speaker,https://yabellini.netlify.app/talk/2025_brandon_university/,
2030,Análisis cualitativo para grandes volúmenes de texto con LLMs,LatinR,LatinR 2025,,Latin America,Online,02/12/2025,2/12/2025,,2025,Course,30,Organizer,https://www.eventbrite.com.ar/e/analisis-cualitativo-para-grandes-volumenes-de-texto-con-llms-tickets-1962623150676?aff=oddtdtcreator,
2031,Análisis y visualización de datos funcionales en R,LatinR,LatinR 2025,,Latin America,Online,02/12/2025,2/12/2025,,2025,Course,7,Organizer,https://www.eventbrite.com.ar/e/1962639693155?aff=oddtdtcreator,
2032,Automatización de workflows en R y Python con targets y snakemake,LatinR,LatinR 2025,,Latin America,Online,02/12/2025,2/12/2025,,2025,Course,15,Organizer,https://www.eventbrite.cl/e/automatizacion-de-workflows-en-r-y-python-con-targets-y-snakemake-tickets-1936131664929?aff=oddtdtcreator,
2040,Big Team Collaboration on Data Management and Analysis with rOpenSci,,Big Team Science Conference,,Global,Online,06/10/2025,6/10/2025,,2025,Regular Talk,17,Speaker,https://ropensci.org/events/btsconf-2025/,
2042,Campeon(es|as) de rOpenSci: Creación de comunidades de líderes del código abierto,LatinR,LatinR 2025,,Latin America,Online,03/02/2025,3/2/2025,,2025,Regular Talk,500,Speaker,https://yabellini.netlify.app/talk/2025_latinr-champions/,
2006,Clinica de Aplicación para el Programa de Campeon(e|a)s de rOpenSci,rOpenSci,Champions Program Event,,Global,Online,15/04/2025,15/4/2025,,2025,Coworking,30,Organizer,https://ropensci.org/events/clinica-champions-2025-04/,
2033,Coding with AI in RStudio,LatinR,LatinR 2025,,Latin America,Online,02/12/2025,2/12/2025,,2025,Course,28,Organizer,https://www.eventbrite.com.ar/e/1962817615325?aff=oddtdtcreator,
2020,Cómo contribuir a proyectos y comunidades abiertas,rOpenSci,Champions Program Event,,Latin America,Online,29/10/2025,29/10/2025,,2025,Course,10,Teacher,https://yabellini.github.io/osscontribuir/#/title-slide,
3000,Connecting with the Larger Open Science Community,ORCA,ORCA CAP CoP Hub,,USA,Online,13/11/2025,13/11/2025,,2025,Invited Talk,,Speaker,https://www.notion.so/Connecting-with-the-Larger-Open-Science-Community-25530b623ec8804ab5a3c1710b92c24e,
2021,Crea tus propios inputs y outputs en Shiny,LatinR,LatinR,,Latin America,Online,01/12/2025,1/12/2025,,2025,Course,6,Organizer,https://www.eventbrite.cl/e/crea-tus-propios-inputs-y-outputs-en-shiny-tickets-1955947434429?aff=oddtdtcreator,
2007,Desarrollando paquetes de R con la ayuda de rOpenSci,rOpenSci,"rOpenSci. R-Ladies Resistencia, Corrientes y Santa Rosa",,Regional,Online,23/04/2025,23/4/2025,,2025,Invited Talk,15,Speaker,https://yabellini.netlify.app/talk/2025_r-ladies_ropensci/,
2037,Desarrollo de Software en Comunidad - Encuentro 1,rOpenSci,Champions Program Event,,Latin America,Online,20/08/2025,20/8/2025,,2025,Course,20,Teacher,https://paocorrales.github.io/git-desarrollo-software/,
2036,Desarrollo de Software en Comunidad - Encuentro 2,rOpenSci,Champions Program Event,,Latin America,Online,27/08/2025,27/8/2025,,2025,Course,20,Teacher,https://paocorrales.github.io/git-desarrollo-software/,
2014,Desde hojas de calculo a R - Encuentro 1,INTA. R-Ladies,R-Ladies Santa Rosa e INTA,Anguil,Argentina,In person,18/06/2025,18/6/2025,,2025,Course,7,Teacher,https://www.meetup.com/rladies-santa-rosa/events/308228742/,
2015,Desde hojas de calculo a R - Encuentro 2,INTA. R-Ladies,R-Ladies Santa Rosa e INTA,Anguil,Argentina,In person,25/06/2025,25/6/2025,,2025,Course,7,Teacher,https://www.meetup.com/rladies-santa-rosa/events/308229006/,
2018,El rol del software de investigación a lo largo del ciclo de vida investigativo,"Alianza RDA, ReSA y LA Referencia",Serie de seminarios web sobre RSE,,Latin America,Online,20/08/2025,20/8/2025,,2025,Panel,258,Speaker,https://yabellini.netlify.app/talk/2025_resa_ropensci/,
2046,Estrategias de divulgación para proyectos de software e infraestructuras abiertas,LatinR,LatinR 2025,,Latin America,Online,03/02/2025,3/2/2025,,2025,Regular Talk,500,Speaker,https://ropensci.org/events/latinr-2025/,
2022,Forecasting with regression models,LatinR,LatinR 2025,,Latin America,Online,01/12/2025,1/12/2025,,2025,Course,19,Organizer,https://www.eventbrite.cl/e/forecasting-with-regression-models-tickets-1955640717029?aff=oddtdtcreator,
2003,From Novice to Contributor: Making and Supporting First-Time Contributions to FOSS,rOpenSci,,,Global,Online,20/01/2025,20/1/2025,,2025,Community Call,60,Organizer,https://ropensci.org/commcalls/first-time-contributor/,
2100,From Spreadsheets to R,Software Sustainability Institute ,Research Software Camp,,Global,Online,11/11/2025,11/11/2025,,2025,Course,30,Teacher,https://www.eventbrite.co.uk/e/research-software-camp-from-spreadsheets-to-r-tickets-1631341960719?aff=oddtdtcreator,
2023,Intro a Positron,LatinR,LatinR 2025,,Latin America,Online,01/12/2025,1/12/2025,,2025,Course,9,Organizer,https://www.eventbrite.cl/e/intro-a-positron-tickets-1964484827000?aff=oddtdtcreator,
2024,Introdución a Tidymodels,LatinR,LatinR 2025,,Latin America,Online,01/12/2025,1/12/2025,,2025,Course,13,Organizer,https://www.eventbrite.com.ar/e/1962543491413?aff=oddtdtcreator,
2055,Kickoff meeting for Champions - Opcion 1,rOpenSci,Champions Program Event,,Latin America,Online,25/06/2025,25/6/2025,,2025,Coworking,15,Organizer,,
2054,Kickoff meeting for Champions - Opcion 2,rOpenSci,Champions Program Event,,Latin America,Online,03/07/2025,3/7/2025,,2025,Coworking,10,Organizer,,
2016,Learning from Each Other’s Journeys: Case Studies from Open Initiatives,The Turing Way,,,Global,Online,31/07/2025,31/7/2025,,2025,Panel,149,Speaker,https://yabellini.netlify.app/talk/2025_theturingway/,
2026,LLMs en tu PC: Inteligencia Artificial Generativa en forma local.,LatinR,LatinR 2025,,Latin America,Online,01/12/2025,1/12/2025,,2025,Course,30,Organizer,https://www.eventbrite.cl/e/llms-en-tu-pc-inteligencia-artificial-generativa-en-forma-local-tickets-1953038152689?aff=oddtdtcreator,
56,"Mini-hackathons ""For first time contributors""",rOpenSci,,,Global,Online,04/02/2025,4/2/2025,,2025,Hackathon,35,Organizer,https://ropensci.org/events/coworking-2025-02/,
156,"Mini-hackathons ""For first time contributors""",rOpenSci,,,Global,Online,04/03/2025,4/3/2025,,2025,Hackathon,35,Organizer,https://ropensci.org/events/coworking-2025-03/,
2053,Nerdearla Argentina 2025,,,Buenos Aires,Argentina,Hybrid,23/09/2025,23/9/2025,,2025,Conference,2000,Organizer,,
2005,NumFOCUS’ DISC Unconf,NumFOCUS,,Sao Paulo,Global,In person,14/03/2025,14/3/2025,,2025,Hackathon,75,Participant,https://numfocus.github.io/disc-unconference-2025/,
2050,Package Development - Encuentro 1,rOpenSci,Champions Program Event,,Latin America,Online,16/09/2025,16/9/2025,,2025,Course,20,Organizer,https://desarrollo-paquetes-basico-2025.netlify.app/session-1/slides/#/,
2051,Package Development - Encuentro 2,rOpenSci,Champions Program Event,,Latin America,Online,23/09/2025,23/9/2025,,2025,Course,20,Organizer,https://desarrollo-paquetes-basico-2025.netlify.app/session-2/slides/#/,
2052,Package Development - Encuentro 3,rOpenSci,Champions Program Event,,Latin America,Online,30/09/2025,30/9/2025,,2025,Course,20,Organizer,https://desarrollo-paquetes-basico-2025.netlify.app/session-3/slides/#/,
2034,Programación  II,Universidad Austral,Licenciatura en Ciencia de Datos. Universidad Austral,Rosario,Argentina,Online,01/08/2025 al 12/12/2025,1/8/2025,12/12/2025,2025,Course,27,Teacher,https://intro-programacion.netlify.app/,Todos los viernes de 8.30 a 11.30
2043,R-multiverse: a new way to publish R packages,rOpenSci,,,Global,Online,29/09/2025,29/9/2025,,2025,Community Call,30,Organizer,https://ropensci.org/commcalls/r-multiverse/,
2045,"R-multiverse: un sistema de distribución de paquetes R de nueva generación, basado en R-Universe",LatinR,LatinR 2025,,Latin America,Online,04/02/2025,4/2/2025,,2025,Regular Talk,500,Speaker,https://ropensci.org/events/latinr-2025/,
2008,Reunión de Inicio Mentor(a|e)s - Opción 1,rOpenSci,Champions Program Event,,Latin America,Online,27/05/2025,27/5/2025,,2025,Coworking,5,Organizer,,
2011,Reunión de Inicio Mentor(a|e)s - Opción 2,rOpenSci,Champions Program Event,,Latin America,Online,28/05/2025,28/5/2025,,2025,Coworking,7,Organizer,,
2012,Reunión de Inicio Mentor(a|e)s - Opción 3,rOpenSci,Champions Program Event,,Latin America,Online,30/05/2025,30/5/2025,,2025,Coworking,6,Organizer,,
2002,Role of community manager in rOpensci community,,This is Tech Talks,,Global,Online,18/01/2025,18/1/2025,,2025,Podcast,2000,Speaker,https://yabellini.netlify.app/talk/2025_this_is_tech/,
2013,rOpenSci Champions Program. A mentoring & training program for Scientific Open Source Champions,rOpenSci,Champions Program Event,,Latin America,Online,12/06/2025,12/6/2025,,2025,Course,10,Teacher,https://yabellini.netlify.app/courses/ropensci-mentors/,
2041,rOpenSci Champions Program. A mentoring & training program for Scientific Open Source Champions,rOpenSci,Champions Program Event,,Latin America,Online,18/06/2025,18/6/2025,,2025,Course,10,Teacher,https://yabellini.netlify.app/courses/ropensci-mentors/,
2038,"Session Open Science, R Packages, and Research Software Development","CSIDNet, rOpenSci",,Bangkok,Thailand,In person,20/07/2025,20/7/2025,,2025,Coworking,25,Organizer,https://ropensci.org/blog/2025/08/26/csidnet-agm-2025/,
2039,Social Coworking and Office Hours - Improving accessibility in your work (rOpenSci),rOpenSci,,,Global,Online,02/09/2025,2/9/2025,,2025,Coworking,12,Organizer,https://ropensci.org/events/coworking-2025-09/,
2056,Social Coworking and Office Hours - Research Software Engineering and R (rOpenSci),rOpenSci,,,Global,Online,01/07/2025,1/7/2025,,2025,Coworking,40,Organizer,https://ropensci.org/events/coworking-2025-07/,
2027,Tableros con Quarto Dashboards y Crosswalk,LatinR,,,Latin America,Online,01/12/2025,1/12/2025,,2025,Course,12,Organizer,https://www.eventbrite.com.ar/e/1955757476259?aff=oddtdtcreator,
2001,"Teaching Tech Together: What’s Worked, What Hasn’t, and What’s Next",Edinburgh University,Edinburgh Winter School,,Global,Online,08/01/2025,8/1/2025,,2025,Keynote,150,Speaker,https://yabellini.netlify.app/talk/2025_edinburgh_winter_school/,
2010,Trying to deal with LLMs to Teach Tech Skills,The Carpentries,Community Discussions,,Global,Online,20/05/2025,20/5/2025,,2025,Invited Talk,15,Speaker,https://yabellini.netlify.app/talk/2025_thecarpentries_llm/,
2009,"Understanding Quarto Documents: Types, Formatting, and Creation",Unilorin RUG,,,Regional,Online,26/04/2025,26/4/2025,,2025,Invited Talk,35,Speaker,https://yabellini.netlify.app/talk/2025_unilorin_rug/,
2017,"We R Together. How to learn, use and improve a programming language as a community.",R Foundation,useR!2025,"Durham, North Carolina","Penn Pavilion, Duke University",In person,08/08/2025,8/8/2025,,2025,Keynote,300,Speaker,https://yabellini.netlify.app/talk/2025_user2025/,
3002,What Everyone should know about Teaching and Learning,,CALMet XVI - CONECT 3 Conference - 2025,,Global,Online,24 al 26 de Noviembre de 2025,24/11/2025,26/11/2025,2025,Keynote,500,Speaker,https://yabellini.netlify.app/talk/2025_calmet/,
3900,Optimizando Shiny: Consejos y Trucos de Rendimiento,LatinR,LatinR 2024,,Latin America,Online,18/11/2024,18/11/2024,,2024,Course,15,Organizer,,
3901,Introduccion a Github para Investigador(a|e)s,LatinR. GitHub Star,LatinR 2024,,Latin America,Online,18/11/2024,18/11/2024,,2024,Course,30,Teacher,https://www.eventbrite.cl/e/introduccion-a-github-para-investigadoraes-tickets-1045617188157?utm-campaign=social&utm-content=attendeeshare&utm-medium=discovery&utm-term=listing&utm-source=cp&aff=ebdsshcopyurl,
3902,Análisis de Datos Satelitales en R: Aplicaciones Prácticas con Machine Learning.,LatinR,LatinR 2024,,Latin America,Online,18/11/2024,18/11/2024,,2024,Course,48,Organizer,,
3903,"Despliegue Continuo con R, GitHub y Quarto: Implementando Buenas Prácticas",LatinR,LatinR 2024,,Latin America,Online,18/11/2024,18/11/2024,,2024,Course,25,Organizer,,
3904,Desarrollo de Paquetes en R: Desde la Idea hasta la Implementación y Distribución,LatinR,LatinR 2024,,Latin America,Online,19/11/2024,19/11/2024,,2024,Course,15,Organizer,,
3905,Working with larger than memory data in R with Arrow and DuckDB,LatinR,LatinR 2024,,Latin America,Online,19/11/2024,19/11/2024,,2024,Course,20,Organizer,,
3906,Llevá tus gráficos con ggplot2 al siguiente nivel,LatinR,LatinR 2024,,Latin America,Online,19/11/2024,19/11/2024,,2024,Course,35,Organizer,,
3907,Tutorial de Nicho Ecológico e de Distribuição Potencial de Espécies com R,LatinR,LatinR 2024,,Latin America,Online,19/11/2024,19/11/2024,,2024,Course,28,Organizer,,
7711,Comunicando seus resultados: Criando apresentações com Quarto.,LatinR,LatinR 2022,,Global,Online,10/10/2022,10/10/2022,,2022,Course,13,Organizer,https://2022.latinr.org/cronograma/,
7712,"Introducción a RMarkdown, creando reportes con R y Python en RStudio",LatinR,LatinR 2022,,Global,Online,10/10/2022,10/10/2022,,2022,Course,20,Organizer,https://2022.latinr.org/cronograma/,
7713,Herramientas y atajos para programar eficientemente con RStudio.,LatinR,LatinR 2022,,Global,Online,10/10/2022,10/10/2022,,2022,Course,27,Organizer,https://2022.latinr.org/cronograma/,
7714,Introduction to Text Analysis with R,LatinR,LatinR 2022,,Global,Online,11/10/2022,11/10/2022,,2022,Course,29,Organizer,https://2022.latinr.org/cronograma/,
7715,Conquistando errores en R.,LatinR,LatinR 2022,,Global,Online,11/10/2022,11/10/2022,,2022,Course,20,Organizer,https://2022.latinr.org/cronograma/,
7716,Creating Shiny Apps with Rhino: the new framework Shiny apps.,LatinR,LatinR 2022,,Global,Online,11/10/2022,11/10/2022,,2022,Course,90,Organizer,https://2022.latinr.org/cronograma/,
9965,Seamless R and C++ integration with Rcpp,R Foundation,useR! 2020-R-Ladies,,Global,Online,14/07/2020,14/7/2020,,2020,Course,103,Organizer,https://github.com/rladieschile/useR-2020-rcpp-tutorial/blob/master/README.md,
9934,Creating beautiful data visualizations in R: a ggplot2 crash course,R Foundation,useR! 2020-R-Ladies,,Global,Online,21/07/2020,21/7/2020,,2020,Course,,Organizer,https://www.eventbrite.com/e/creating-beautiful-data-visualizations-in-r-a-ggplot2-crash-course-tickets-112524126692,
9935,Easy Larger-than-RAM data manipulation with disk.frame,R Foundation,useR! 2020-R-Ladies,,Global,Online,23/07/2020,23/7/2020,,2020,Course,104,Organizer,https://www.meetup.com/es-ES/rladies-san-diego/events/271785235/,
9936,Create and share reproducible code with R Markdown and workflowr,R Foundation,useR! 2020-R-Ladies,,Global,Online,23/07/2020,23/7/2020,,2020,Course,,Organizer,https://www.eventbrite.com/e/user-2020create-and-share-reproducible-code-with-r-markdown-and-workflowr-tickets-113596510220,
9937,First steps in spatial data handling and visualization,R Foundation,useR! 2020-R-Ladies,,Global,Online,27/07/2020,27/7/2020,,2020,Course,,Organizer,https://www.eventbrite.co.uk/e/first-steps-in-spatial-data-handling-and-visualization-tickets-113141537384,
9938,Causal inference in R,R Foundation,useR! 2020-R-Ladies,,Global,Online,29/07/2020,29/7/2020,,2020,Course,45,Organizer,https://www.meetup.com/rladies-la/events/271909700/,
9939,Getting the most out of Git,R Foundation,useR! 2020-R-Ladies,,Global,Online,31/07/2020,31/7/2020,,2020,Course,34,Organizer,https://www.meetup.com/rladies-east-lansing/events/271969821/,
9940,Reproducible computation at scale with drake: hands-on practice with a machine learning project,R Foundation,useR! 2020-R-Ladies,,Global,Online,04/08/2020,4/8/2020,,2020,Course,100,Organizer,https://www.meetup.com/rladies-cambridge/events/271866242/?isFirstPublish=true,
9941,Machine Learning with mlr3,R Foundation,useR! 2020-R-Ladies,,Global,Online,07/08/2020,7/8/2020,,2020,Course,58,Organizer,https://www.meetup.com/es/rladies-galapagos-islands/events/272240650/,
9942,End-to-end machine learning with Metaflow: Going from prototype to production with Netflix’s open source project for reproducible data science,R Foundation,useR! 2020-R-Ladies,,Global,Online,07/08/2020,7/8/2020,,2020,Course,,Organizer,http://metaflowr.eventbrite.com/,
9943,Periscope and CanvasXpress – Creating an enterprise-grade big-data visualization application in a day,R Foundation,useR! 2020-R-Ladies,,Global,Online,15/08/2020,15/8/2020,,2020,Course,,Organizer,https://www.eventbrite.com/e/periscope-and-canvasxpress-creating-an-enterprise-big-data-visualization-tickets-113198228950,
9944,Analyzing and visualising spatial and spatiotemporal data cubes,R Foundation,useR! 2020-R-Ladies,,Global,Online,19/09/2020,19/9/2020,,2020,Course,105,Organizer,https://www.meetup.com/rladies-monterrey/events/272174013/?isFirstPublish=true,
9945,Application of Gaussian graphical models to metabolomics,R Foundation,useR! 2020-R-Ladies,,Global,Online,21/09/2020,21/9/2020,,2020,Course,,Organizer,https://docs.google.com/forms/d/1xs2UEUvTnKCRvYZ70aUw5GPEy7ePn5jDqFqNI-_Y1IQ/viewform?edit_requested=true,
222,gg+: paquetes para extender las capacidades de ggplot2,LatinR,LatinR 2021,,Latin America,Online,4/11/2021,4/11/2021,,2021,Course,65,Organizer,https://www.meetup.com/es-es/rladies-buenos-aires/events/281818129/,
777,Modelos de equações estruturais (Structural Equation Models; SEM) in R,LatinR,LatinR 2021,,Latin America,Online,8/11/2021,8/11/2021,,2021,Course,35,Organizer,https://www.meetup.com/rladies-rio/events/281888988/?_xtd=gqFyqTIyNzczMDk2NKFwp2FuZHJvaWQ%253D&from=ref,
663,Introducción al análisis de redes con R,LatinR,LatinR 2021,,Latin America,Online,8/11/2021,8/11/2021,,2021,Course,180,Organizer,https://www.meetup.com/es-es/rladies-galapagos-islands/events/281861788/,
667,Desarrollo de aplicaciones de shiny a nivel comercial,LatinR,LatinR 2021,,Latin America,Online,9/11/2021,9/11/2021,,2021,Course,107,Organizer,https://www.meetup.com/rbuenosaires/events/281875484/,
347,Expresiones regulares para la limpieza y transformación de datos,LatinR,LatinR 2020,,Latin America,Online,28/09/2020,28/9/2020,,2020,Course,279,Organizer,https://github.com/LatinR/talleres-2020,
348,Aplicaciones web interactivas con Shiny,LatinR,LatinR 2020,,Latin America,Online,29/09/2020,29/9/2020,,2020,Course,83,Organizer,https://github.com/LatinR/talleres-2020,
349,Escrevendo manuscritos acadêmicos usando rmarkdown,LatinR,LatinR 2020,,Latin America,Online,30/09/2020,30/9/2020,,2020,Course,160,Organizer,https://www.youtube.com/watch?v=Cxrc87AH2WM,
350,Importando datos desde hojas de cálculo,LatinR,LatinR 2020,,Latin America,Online,01/10/2020,1/10/2020,,2020,Course,280,Organizer,https://github.com/LatinR/talleres-2020,
351,Introducción a Machine Learning con Tidymodels,LatinR,LatinR 2020,,Latin America,Online,05/10/2020,5/10/2020,,2020,Course,122,Organizer,https://www.youtube.com/watch?v=1ATHGwDPXQs,
352,Shiny: zero to hero,LatinR,LatinR 2020,,Latin America,Online,06/10/2020,6/10/2020,,2020,Course,167,Organizer,https://www.youtube.com/watch?v=fiaZgGqcubc,
353,Comunicando seus resultados com R: aprenda a criar apresentações reprodutíveis,LatinR,LatinR 2020,,Latin America,Online,10/10/2020,10/10/2020,,2020,Course,170,Organizer,https://www.youtube.com/watch?v=WxKYqtF2qDg,
678,Desarrollo de aplicaciones móviles para la clasificación de imágenes agropecuarias con deep learning,Universidad Nacional de Salta,CAI 2019,,Argentina,In person,17/09/2019,17/9/2019,,2019,Course,70,Organizer,https://48jaiio.sadio.org.ar/Tutoriales.html,
1555,Fomentando la Ciencia Abierta en América Latina - Programa de rOpenSci,rOpenSci,,,Global,Online,12/03/2025,12/3/2025,,2025,Community Call,20,Organizer,https://ropensci.org/es/commcalls/champions-latino-2025/,
1118,HAR (Hail-ARchive): desarrollo de un sistema de información y base de datos sobre granizo en la región semiárida pampeana central,Congreso Argentino de Meteorología. Congremet 2015,,Mar del Plata,Latin America,In person,26 al 29 de Mayo de 2015,26/5/2015,29/5/2015,2015,Lightning talk,50,Speaker,https://cenamet.org.ar/congremet/wp-content/uploads/2018/10/A025_BelliniSaibene.pdf,Poster